Manufacture,Product,Status,Compliance,Number of Functions,Channel,Package Type,Drain-Source Voltage VDS (V),Gate-Source Voltage VGS (V),Drain Current ID (A),Drain-Source On-Resistance RDS(ON) Max @VGS=10V (Ω),Drain-Source On-Resistance RDS(ON) Max @VGS=4.5V (Ω),Drain-Source On-Resistance RDS(ON) Max @VGS=2.5V (Ω),Gate Threshold Voltage VGS(th) Min (V),Gate Threshold Voltage VGS(th) Max (V),ESD Diodes,Junction Temperature Tj [max] (°C),Single Pulsed Avalanche Energy EAS(mJ),Pulsed Drain Current IDM(A)
MCC (Micro Commercial Components),MCACD018N10YLQ,Preferred,A R H,Dual,N+N,PDFN5060-8D,100,±20,40,0.018,0.023,,1.3,2.3,No,175,51,160
MCC (Micro Commercial Components),MCACD5D2N04YLHE3,Preferred,A R H,Dual,N+N,PDFN5060-8D,40,±20,90,0.0052,0.0092,,1.2,2.5,No,175,56,240
MCC (Micro Commercial Components),MCACD014N10YHE3,Preferred,A R H,Dual,N+N,PDFN5060-8D,100,±20,50,0.014,,,1.0,3.0,No,150,49,200
MCC (Micro Commercial Components),MCACD012N06YLHE3,Preferred,A R H,Dual,N+N,PDFN5060-8D,60,±20,52,0.012,0.016,,1.3,2.4,No,175,36,208
MCC (Micro Commercial Components),MCACD6D3N06Y,Preferred,R H,Dual,N+N,PDFN5060-8D,60,±20,60,0.0063,,,2,4,No,175,121,240
MCC (Micro Commercial Components),MCACD8D5N06YL,Preferred,R H,Dual,N+N,PDFN5060-8D,60,±20,50,0.0085,0.011,,1,2.5,No,150,88,200
MCC (Micro Commercial Components),MCAC130N04Y,Preferred,R H,Single,N,PDFN5060,40,±20,130,0.0019,0.0025,,1.2,2.5,No,175,661,520
MCC (Micro Commercial Components),MCAC9D5N06YLHE3,Preferred,A R H,Single,N,DFN5060,60,±20,52,0.0095,0.014,,1.3,2.3,No,175,49,208
MCC (Micro Commercial Components),MCACLS1D6N06YH,Preferred,R H,Single,N,PDFN5060-DSC-B,60,±20,300,0.00168,,,2,4,No,175,670,1200
MCC (Micro Commercial Components),MCG4D5N04YL,Preferred,R H,Single,N,PDFN3333,40,±20,80,0.0045,0.008,,1,2.5,No,175,54,320
MCC (Micro Commercial Components),MCAC2D6N04YHE3,Preferred,A R H,Single,N,DFN5060,40,±20,166,0.0026,,,2,4,No,175,182,664
MCC (Micro Commercial Components),MCAC2D9N04YHQ,Preferred,A R H,Single,N,DFN5060,40,±20,145,0.0029,,,2,4,No,175,210,580
MCC (Micro Commercial Components),MCACLD70N04Y,Preferred,R H,Single,N,DFN5060-C,40,±20,350,0.0007,,,2,4,No,175,600,1400
MCC (Micro Commercial Components),MCGWF018N10YLQ,Preferred,A R H,Single,N,DFN3333-8(SWF),100,±20,40,0.018,0.023,,1.3,2.3,No,175,67,160
MCC (Micro Commercial Components),MCAC2D6N04Y,Preferred,R H,Single,N,DFN5060,40,±20,166,0.0026,,,2,4,No,175,182,664
MCC (Micro Commercial Components),MCAC180N04Y,Preferred,R H,Single,N,DFN5060,40,±20,180,0.002,,,2,4,No,175,441,720
MCC (Micro Commercial Components),MCAC75N04Y,Preferred,R H,Single,N,DFN5060,40,±20,75,0.0068,,,2,4,No,175,26,300
MCC (Micro Commercial Components),MSJW018N60FH,Preferred,R H,Single,N,TO-247,600,±20,102,0.0185,,,3,5,No,150,2160,408
MCC (Micro Commercial Components),MCU055N20YH,Preferred,R H,Single,N,DPAK,200,±20,28,0.055,,,2.2,3.8,No,150,250,112
MCC (Micro Commercial Components),MCGD034N10YL,Preferred,R H,Dual,N+N,DFN3333-D,100,±20,15,0.034,0.044,,1,2.5,No,175,27.5,60
MCC (Micro Commercial Components),MCACLFD5D8N04YQ,Preferred,A R H,Dual,N+N,LFPAK56D,40,±20,69,0.0058,,,2,4,No,175,64,276
MCC (Micro Commercial Components),MCAC4D4N04YL,Preferred,R H,Single,N,PDFN5060,40,±20,80,0.0044,0.008,,1.2,2.5,No,175,60,320
MCC (Micro Commercial Components),MCAC4D4N04YLHE3,Preferred,A R H,Single,N,PDFN5060,40,±20,80,0.0044,0.008,,1.2,2.5,No,175,60,320
MCC (Micro Commercial Components),MCAC4D6N10Y,Preferred,R H,Single,N,DFN5060,100,±20,144,0.0046,,,2.4,3.4,No,150,225,576
MCC (Micro Commercial Components),MCG8D2N04YL,Preferred,R H,Single,N,PDFN3333-B,40,±20,45,0.0082,0.0112,,1.1,2.1,No,150,44,180
MCC (Micro Commercial Components),MCAC055N20YH,Preferred,R H,Single,N,DFN5060,200,±20,34,0.055,,,2.2,3.8,No,150,100,136
MCC (Micro Commercial Components),MCAC25N10Y,Preferred,R H,Single,N,DFN5060,100,±20,25,0.033,0.06,,1,2.5,No,175,25,100
MCC (Micro Commercial Components),MCG6D5N03L,Preferred,R H,Single,N,PDFN3333,30,±20,60,0.0065,0.012,,1,2.5,No,150,72,240
MCC (Micro Commercial Components),MCACL190N06Y,Preferred,R H,Single,N,DFN5060-C,60,±20,190,0.002,,,2,3.5,No,175,512,760
MCC (Micro Commercial Components),MCG021N10Y,Preferred,R H,Single,N,DFN3333,100,±20,31,0.021,,,2,4,No,150,76.5,124
MCC (Micro Commercial Components),MCAC4D6N06YH,Preferred,R H,Single,N,PDFN5060,60,±20,101,0.0046,,,2.0,4.0,No,175,141,404
MCC (Micro Commercial Components),MCACLSD70N04Y,Preferred,R H,Single,N,PDFN5060-DSC-B,40,±20,450,0.0007,,,2.2,3.7,No,175,650,1800
MCC (Micro Commercial Components),MCG021N10YL,Preferred,R H,Single,N,PDFN3333,100,±20,34,0.021,0.028,,1.0,2.5,No,175,30,136
MCC (Micro Commercial Components),MCG4D5N04YLHE3,Preferred,A R H,Single,N,PDFN3333,40,±20,80,0.0045,0.008,,1.0,2.5,No,175,54,320
MCC (Micro Commercial Components),MCG010N06YLHE3,Preferred,A R H,Single,N,PDFN3333,60,±20,45,0.010,0.0155,,1.2,2.5,No,175,40,180
MCC (Micro Commercial Components),MCACL1D5N06YL,Preferred,R H,Single,N,PDFN5060-C,60,±20,245,0.0015,0.0026,,1.3,2.3,No,175,841,980
MCC (Micro Commercial Components),MCGD115NP10L,Preferred,R H,Dual,N+P,DFN3333-D,100/-100,±20,10/-5.5,0.115/0.325,0.125/0.350,,1.3/-1.0,2.3/-2.0,No,150,8/6.1,40/-22
MCC (Micro Commercial Components),MCG027P06YL,Preferred,R H,Single,P,DFN3333,-60,±20,-34,0.027,0.036,,-1.2,-2.4,No,150,98,-136
MCC (Micro Commercial Components),MCACL1D6N04Y,Preferred,R H,Single,N,PDFN5060-C,40,±20,220,0.0016,,,2,4,No,175,240,880
MCC (Micro Commercial Components),MCACL2D4N10YH,Preferred,R H,Single,N,PDFN5060-CW,100,±20,312,0.0024,,,2,4,No,175,1000,1248
MCC (Micro Commercial Components),MCG5D6N04YL,Preferred,R H,Single,N,PDFN3333,40,±20,70,0.0056,0.013,,1.2,2.4,No,175,39,280
MCC (Micro Commercial Components),MCAC011N15YL,Preferred,R H,Single,N,DFN5060,150,±20,80,0.0114,0.0135,,1.5,2.5,No,150,400,320
MCC (Micro Commercial Components),MCG5D8N04Y,Preferred,R H,Single,N,PDFN3333,40,±20,70,0.0058,,,2,4,No,175,40,280
MCC (Micro Commercial Components),MCACLD70N04YHE3,Preferred,A R H,Single,N,DFN5060-C,40,±20,350,0.0007,,,2,4,No,175,600,1400
MCC (Micro Commercial Components),MCAC028N15Y,Preferred,R H,Single,N,PDFN5060,150,±20,40,0.028,,,2.1,3.7,No,150,110,160
MCC (Micro Commercial Components),MCACL1D6N04YHE3,Preferred,A R H,Single,N,PDFN5060-C,40,±20,220,0.0016,,,2.0,4.0,No,175,240,880
MCC (Micro Commercial Components),MCAC010N15YH,Preferred,R H,Single,N,PDFN5060,150,±20,94,0.0103,,,3,4.6,No,150,313,376
MCC (Micro Commercial Components),MCACL1D6N06YH,Preferred,R H,Single,N,PDFN5060-C,60,±20,242,0.0016,,,2.2,3.8,No,175,1104,968
MCC (Micro Commercial Components),MCAC5D9N04YHE3,Preferred,A R H,Single,N,PDFN5060,40,±20,72,0.0059,,,2,4,No,175,49,288
MCC (Micro Commercial Components),MCACL2D8N06YL,Preferred,R H,Single,N,PDFN5060,60,±20,179,0.0028,0.004,,1.2,2.5,No,175,225,716
MCC (Micro Commercial Components),MCACL1D2N04Y,Preferred,R H,Single,N,PDFN5060,40,±20,321,0.0012,,,2,3.5,No,175,529,1284
MCC (Micro Commercial Components),MCU013P06LHE3,Preferred,A R H,Single,P,DPAK,-60,±20,-70,0.013,0.022,,-1.2,-2.4,No,175,150,-280
MCC (Micro Commercial Components),MCU053P10Y,Preferred,R H,Single,P,DPAK,-100,±20,-21,0.053,,,-1.9,-3.5,No,150,45.5,-84
MCC (Micro Commercial Components),MCB014P06L,Preferred,R H,Single,P,D2-PAK,-60,±20,-62,0.014,0.022,,-1.2,-2.4,No,175,225,-248
MCC (Micro Commercial Components),MCP053P10Y,Preferred,R H,Single,P,TO-220AB(H),-100,±20,-23,0.053,,,-2,-3.4,No,150,45,-92
MCC (Micro Commercial Components),MCAC150P15YL,Preferred,R H,Single,P,DFN5060,-150,±20,-14,0.15,0.18,,-1.3,-2.5,No,150,90,-56
MCC (Micro Commercial Components),MCAC054P10Y,Preferred,R H,Single,P,DFN5060,-100,±20,-25,0.054,,,-1.9,-3.5,No,150,72,-100
MCC (Micro Commercial Components),MCG052P10Y,Preferred,R H,Single,P,DFN3333,-100,±25,-16,0.052,,,-1.9,-3.5,No,150,72,-64
MCC (Micro Commercial Components),MCG150P15YL,Preferred,R H,Single,P,DFN3333,-150,±20,-11.6,0.15,0.19,,-1.4,-2.5,No,150,98,-46.4
MCC (Micro Commercial Components),MCAC025P06YL,Preferred,R H,Single,P,PDFN5060,-60,±20,-44,0.025,0.030,,-1.3,-2.5,No,150,256,-176
MCC (Micro Commercial Components),MDTU380N65H,Preferred,R H,Single,N,DPAK,650,±30,8.7,0.38,,,2.2,3.8,No,150,93.75,34.8
MCC (Micro Commercial Components),MCB3D0N04YLHE3,Preferred,A R H,Single,N,D2-PAK,40,±20,133,0.003,0.005,,1,2.5,No,175,169,532
MCC (Micro Commercial Components),MCU031N06Q,Preferred,A R H,Single,N,DPAK,60,±20,23,0.031,0.05,,1.5,2.5,No,175,56,92
MCC (Micro Commercial Components),MCAC013P06LHE3,Preferred,A R H,Single,P,PDFN5060,-60,±20,-74,0.013,0.022,,-1.2,-2.4,No,175,225,-296
MCC (Micro Commercial Components),MCAC051P06Q,Preferred,A R H,Single,P,PDFN5060,-60,±20,-24,0.051,0.105,,-1.2,-2.8,No,175,49,-96
MCC (Micro Commercial Components),MDTD2K5N65H,Preferred,R H,Single,N,SOT-223,650,±30,0.5,2.5,,,2.5,4.5,No,150,,2
MCC (Micro Commercial Components),MCB2D3N06YH,Preferred,R H,Single,N,D2-PAK,60,±20,219,0.0023,,,2.2,3.8,No,175,506,876
MCC (Micro Commercial Components),MCU2D3N04YH,Preferred,R H,Single,N,DPAK,40,±20,145,0.0023,,,2.0,4.0,No,175,306,580
MCC (Micro Commercial Components),MSJB600N65SH,Preferred,R H,Single,N,D2-PAK,650,±30,6.8,0.6,,,2.5,4.5,No,150,73.5,27.2
MCC (Micro Commercial Components),MCU7D4N06YL,Preferred,R H,Single,N,DPAK,60,±20,70,0.0074,0.01,,1.2,2.5,No,175,42,280
MCC (Micro Commercial Components),MSJPF290N80SH,Preferred,R H,Single,N,TO-220F,800,±30,9.4,0.29,,,2,4,No,150,9,37.6
MCC (Micro Commercial Components),MDTPF380N65H,Preferred,R H,Single,N,TO-220F,650,±30,11,0.38,,,2,4,No,150,121.8,44
MCC (Micro Commercial Components),MCU270N20YH,Preferred,R H,Single,N,DPAK,200,±20,6.8,0.27,,,2.2,3.7,No,175,30.6,27.2
MCC (Micro Commercial Components),MDTW072N60H,Preferred,R H,Single,N,TO-247,600,±30,35,0.072,,,3,5,No,150,889.35,140
MCC (Micro Commercial Components),MCW012N20YH,Preferred,R H,Single,N,TO-247,200,±20,94,0.012,,,2.2,3.8,No,150,625,376
MCC (Micro Commercial Components),MCW3D0N10Y,Preferred,R H,Single,N,TO-247,100,±20,193,0.003,,,2.2,3.6,No,150,52.5,772
MCC (Micro Commercial Components),MCB012N15YH,Preferred,R H,Single,N,D2-PAK,150,±20,79,0.012,,,3.0,4.6,No,150,306.2,316
MCC (Micro Commercial Components),MDTP580N65H,Preferred,R H,Single,N,TO-220AB(H),650,±30,7.4,0.58,,,2.5,4.5,No,150,20,29.6
MCC (Micro Commercial Components),MSJB200N65SH,Preferred,R H,Single,N,D2-PAK,650,±30,16.9,0.2,,,2,4,No,150,0.5,68
MCC (Micro Commercial Components),MSJPF380N60SH,Preferred,R H,Single,N,TO-220F,600,±30,7.9,0.38,,,2.0,4.0,No,150,73.5,31.6
MCC (Micro Commercial Components),MDTB380N65H,Preferred,R H,Single,N,D2-PAK,650,±30,8.9,0.38,,,2.0,4.0,No,150,49,35.6
MCC (Micro Commercial Components),MCP7D0N10Y,Preferred,R H,Single,N,TO-220AB(B),100,±20,79,0.007,,,2.2,3.7,No,150,141,316
MCC (Micro Commercial Components),MSJP380N60SH,Preferred,R H,Single,N,TO-220AB(H),600,±30,9.9,0.38,,,2.5,4.5,No,150,73.5,39.6
MCC (Micro Commercial Components),MCB9D1N10Y,Preferred,R H,Single,N,D2-PAK,100,±20,68,0.0091,,,1.5,2.9,No,150,162,272
MCC (Micro Commercial Components),MSJPF680N65FH,Preferred,R H,Single,N,TO-220F,650,±30,4.8,0.68,,,3,5,No,150,18,19.2
MCC (Micro Commercial Components),MCP5D4N06Y,Preferred,R H,Single,N,TO-220AB(B),60,±20,90,0.0054,,,2,4,No,175,138,360
MCC (Micro Commercial Components),MSJB680N65FH,Preferred,R H,Single,N,D2-PAK,650,±30,6.9,0.68,,,3,5,No,150,117.6,27.6
MCC (Micro Commercial Components),MCPF4K5N90PH,Preferred,R H,Single,N,TO-220F,900,±30,2.4,4.5,,,2,4,No,150,101.4,9.6
MCC (Micro Commercial Components),MCGWF45P04,Preferred,R H,Single,P,DFN3333-8(SWF),-40,±20,-45,0.013,0.017,,-1,-3,No,150,132,-180
MCC (Micro Commercial Components),MDTU580N65H,Preferred,R H,Single,N,DPAK,650,±30,6.5,0.58,,,2.5,4.5,No,150,135,26
MCC (Micro Commercial Components),MDTPF700N60H,Preferred,R H,Single,N,TO-220F,635,±30,3.96,0.7,,,2,4,No,150,60,15.84
MCC (Micro Commercial Components),MCB3D0N04YL,Preferred,R H,Single,N,D2-PAK,40,±20,133,0.003,0.005,,1,2.5,No,175,169,532
MCC (Micro Commercial Components),MCB3D8N10YH,Preferred,R H,Single,N,D2-PAK,100,±20,171,0.0038,,,2,4,No,175,506,684
MCC (Micro Commercial Components),MCP7D4N15Y,Preferred,R H,Single,N,TO-220AB(B),150,±20,119,0.0074,,,2,4,No,150,380,476
MCC (Micro Commercial Components),MCU060P06KQ,Preferred,A R H,Single,P,DPAK,-60,±20,-17,0.06,0.11,,-1.2,-2.8,Yes,175,17.3,-68
MCC (Micro Commercial Components),MCU055P06LQ,Preferred,A R H,Single,P,DPAK,-60,±20,-19,0.055,,,-1.2,-2.8,No,175,49,-76
MCC (Micro Commercial Components),MCACL2D8N03YLK,Preferred,R H,Single,N,PDFN5060,30,±12,130,0.0028,0.0035,,0.6,1.4,Yes,150,68,520
MCC (Micro Commercial Components),MCBS4D8N15YH,Preferred,R H,Single,N,TO-263-7A,150,±20,152,0.0048,,,2.2,3.8,No,175,961,608
MCC (Micro Commercial Components),MCTL170N06Y,Preferred,R H,Single,N,TOLL-8L,60,±20,170,0.0024,,,2,4,No,175,380,680
MCC (Micro Commercial Components),MCTL1D0N08Y,Preferred,R H,Single,N,TOLL-8L,80,±20,320,0.001,,,2,4,No,175,2401,1280
MCC (Micro Commercial Components),MCTLD58N04Y,Preferred,R H,Single,N,TOLL-8L,40,±20,639,0.00058,,,2,4,No,175,2964,2556
MCC (Micro Commercial Components),MCTL1D5N10YH,Preferred,R H,Single,N,TOLL-8L,100,±20,360,0.0015,,,2,4,No,175,2016,1440
MCC (Micro Commercial Components),MCTL4D6N15YH,Preferred,R H,Single,N,TOLL-8L,150,±20,176,0.0046,,,2.2,3.8,No,175,1200,704
MCC (Micro Commercial Components),MCTL2D0N06YH,Preferred,R H,Single,N,TOLL-8L,60,±20,250,0.002,,,2.2,3.8,No,150,576,1000
MCC (Micro Commercial Components),MCTL2D6N06YL,Preferred,R H,Single,N,TOLL-8L,60,±20,150,0.0026,0.004,,1,2.5,No,175,242,600
MCC (Micro Commercial Components),MCTL1D0N04Y,Preferred,R H,Single,N,TOLL-8L,40,±20,364,0.00105,,,2.2,3.7,No,175,1521,1456
MCC (Micro Commercial Components),MCTL1D0N08YHE3,Preferred,A R H,Single,N,TOLL-8L,80,±20,320,0.001,,,2,4,No,175,2401,1280
MCC (Micro Commercial Components),MCTL3D2N10YH,Preferred,R H,Single,N,TOLL-8L,100,±20,195,0.0032,,,2,4,No,175,684,780
MCC (Micro Commercial Components),MCTL1D0N04YHE3,Preferred,A R H,Single,N,TOLL-8L,40,±20,364,0.00105,,,2.2,3.7,No,175,1521,1456
MCC (Micro Commercial Components),MCTL1D7N06YL,Preferred,R H,Single,N,TOLL-8L,60,±20,283,0.00175,0.0028,,1.3,2.3,No,175,1176,1132
MCC (Micro Commercial Components),MCTLD82N06Y,Preferred,R H,Single,N,TOLL-8L,60,±20,471,0.00082,,,2.0,3.5,No,175,2916,1884
MCC (Micro Commercial Components),MSJK049N60FH,Preferred,R H,Single,N,TOLL-8L-KS,600,±30,51,0.049,,,3,5,No,150,735,204
MCC (Micro Commercial Components),MDTK072N60H,Preferred,R H,Single,N,TOLL-8L-KS,600,±30,24,0.072,,,3,5,No,150,889,96
MCC (Micro Commercial Components),MCACLF1D4N04YCHE3,Preferred,A R H,Single,N,LFPAK56,40,±20,225,0.0014,,,2,4,No,175,552,900
MCC (Micro Commercial Components),MCTT1D9N10YH,Preferred,R H,Single,N,TOLT,100,±20,272,0.0019,,,2.2,3.8,No,175,1225,1088
MCC (Micro Commercial Components),MCTT1D7N10Y,Preferred,R H,Single,N,TOLT,100,±20,333,0.0017,,,2,4,No,175,2722,1320
MCC (Micro Commercial Components),MCTTN1D7N10YHE3,Preferred,A R H,Single,N,TOLT-N,100,±20,330,0.0017,,,2.0,4.0,No,175,2256,1360
MCC (Micro Commercial Components),MCTTN3D5N10YQ,Preferred,A R H,Single,N,TOLT-N,100,±20,160,0.0035,,,2.0,3.6,No,175,473,640
MCC (Micro Commercial Components),MCACLF025P08A,Preferred,R H,Single,P,LFPAK56W,-80,±20,-57,0.025,,,-1.5,-2.5,No,175,210,-228
MCC (Micro Commercial Components),MCTL019P08Y,Preferred,R H,Single,P,TOLL-8L,-80,±20,-61,0.019,,,-1.2,-3,No,150,370,-244
MCC (Micro Commercial Components),MCACLF320N04Y,Active,R H,Single,N,LFPAK56E,40,±20,320,0.00062,,,2,4,No,175,441,1280
MCC (Micro Commercial Components),MSJL120N60FH,Active,R H,Single,N,DFN8080A,600,±30,30,0.12,,,3,5,No,150,18,120
MCC (Micro Commercial Components),MCGD10NP03,Active,R H,Dual,N+P,DFN3333-D,30/-30,±20,10/-10,0.017/0.040,0.029/0.073,,1.5/-1.5,2.5/-2.5,Yes,150,20/24,40/-40
MCC (Micro Commercial Components),MSJL20N60A,Active,R H,Single,N,DFN8080A,600,±30,20,0.219,,,2,4,No,150,120,80
MCC (Micro Commercial Components),MCTK075N60FH,Active,R H,Single,N,TOLL-8L-KS,600,±30,19.5,0.078,,,3,5,No,150,132,78
MCC (Micro Commercial Components),MCTK105N60FH,Active,R H,Single,N,TOLL-8L-KS,600,±30,17.5,0.114,,,3,5,No,150,365,70
MCC (Micro Commercial Components),MCTL4D0N15YH,Active,R H,Single,N,TOLL-8L,150,±20,190,0.004,,,2.5,4.5,No,175,900,760
MCC (Micro Commercial Components),MCTL2D4N10Y,Active,R H,Single,N,TOLL-8L,100,±20,185,0.0024,,,2,4,No,175,676,740
MCC (Micro Commercial Components),MCTL1D9N10YH,Active,R H,Single,N,TOLL-8L,100,±20,265,0.0019,,,2.2,3.8,No,175,1482,1060
MCC (Micro Commercial Components),MCTL011N20YH,Active,R H,Single,N,TOLL-8L,200,±20,102,0.011,,,2.2,3.8,No,175,625,408
MCC (Micro Commercial Components),MCBS260N10YHE3,Active,A R H,Single,N,TO-263-7,100,±20,260,0.0018,,,2,4,No,175,1122,1040
MCC (Micro Commercial Components),MCBS220N04YHE3,Active,A R H,Single,N,TO-263-7,40,±20,220,0.0011,,,2,4,No,175,760,880
MCC (Micro Commercial Components),MCBS220N04Y,Active,R H,Single,N,TO-263-7,40,±20,220,0.0011,,,2,4,No,175,760,880
MCC (Micro Commercial Components),MCBS260N10Y,Active,R H,Single,N,TO-263-7,100,±20,260,0.0018,,,2,4,No,175,1122,1040
MCC (Micro Commercial Components),MCTL300N10YHE3,Active,A R H,Single,N,TOLL-8L,100,±20,300,0.00155,,,2.1,3.9,No,175,2116,1200
MCC (Micro Commercial Components),MCTL270N04YHE3,Active,A R H,Single,N,TOLL-8L,40,±20,270,0.0013,,,2,4,No,175,1521,1080
MCC (Micro Commercial Components),MCTL160N15Y,Active,R H,Single,N,TOLL-8L,150,±25,160,0.0065,,,2,4,No,150,200,640
MCC (Micro Commercial Components),MCTL270N04Y,Active,R H,Single,N,TOLL-8L,40,±20,270,0.0013,,,2,4,No,175,1521,1080
MCC (Micro Commercial Components),MCTL295N06Y,Active,R H,Single,N,TOLL-8L,60,±20,295,0.002,,,1.5,4,No,150,1690,1200
MCC (Micro Commercial Components),MCTL300N10YB,Active,R H,Single,N,TOLL-8L,100,±20,300,0.00155,,,2.1,3.9,No,150,2116,1200
MCC (Micro Commercial Components),MCTL300N10Y,Active,R H,Single,N,TOLL-8L,100,±20,300,0.00145,,,2,4,No,150,648,1200
MCC (Micro Commercial Components),MCTL150N06YHE3,Active,A R H,Single,N,TOLL-8L,60,±20,150,0.0024,0.004,,1,2.5,No,175,242,600
MCC (Micro Commercial Components),MCTL2D1N10YH,Active,R H,Single,N,TOLL-8L,100,±20,265,0.0021,,,2.2,3.8,No,175,1482,1060
MCC (Micro Commercial Components),MCTL1D6N06YH,Active,R H,Single,N,TOLL-8L,60,±20,245,0.0016,,,2,4,No,150,100,980
MCC (Micro Commercial Components),MCTL2D0N10YHR,Active,R H,Single,N,TOLL-8L,100,±20,300,0.002,,,2.2,3.8,No,175,2025,1200
MCC (Micro Commercial Components),MCTL1D4N04YL,Active,R H,Single,N,TOLL-8L,40,±20,210,0.0014,0.0019,,1.3,2.3,No,150,600,840
MCC (Micro Commercial Components),MCTL1D2N10Y,Active,R H,Single,N,TOLL-8L,100,±20,320,0.0012,,,2,4,No,175,2400,1280
MCC (Micro Commercial Components),MCU014P03L,Active,R H,Single,P,DPAK,-30,±20,-40,0.014,0.022,,-1,-2.5,No,150,49,-160
MCC (Micro Commercial Components),MCU6D0P03L,Active,R H,Single,P,DPAK,-30,±25,-70,0.006,0.01,,-1.2,-2.6,No,150,232,-280
MCC (Micro Commercial Components),MCU150P15YL,Active,R H,Single,P,DPAK,-150,±20,-13,0.15,0.165,,-1,-2.5,No,150,59,-52
MCC (Micro Commercial Components),MCU045P06YL,Active,R H,Single,P,DPAK,-60,±20,-23,0.045,0.052,,-1,-2.5,No,175,56,-92
MCC (Micro Commercial Components),MCU055P10,Active,R H,Single,P,DPAK,-100,±20,-28,0.055,0.064,,-1.5,-2.5,No,150,118,-112
MCC (Micro Commercial Components),MCACD085P10,Active,R H,Dual,P+P,PDFN5060-8D,-100,±20,-17,0.085,0.105,,-1.5,-2.5,No,150,64,-68
MCC (Micro Commercial Components),MCQD065P03L,Active,R H,Dual,P+P,SOP-8,-30,±20,-4,0.065,0.11,,-1,-2.4,No,150,,-16
MCC (Micro Commercial Components),MCQD04P02,Active,R H,Dual,P+P,SOP-8,-20,±10,-4,,0.057,0.074,-0.4,-1,No,150,12,-16
MCC (Micro Commercial Components),MCQD08P06YA,Active,R H,Dual,P+P,SOP-8,-60,±20,-8,0.075,0.11,,-1,-2.5,No,150,24,-32
MCC (Micro Commercial Components),MCQD09P04,Active,R H,Dual,P+P,SOP-8,-40,±20,-9,0.023,0.028,,-1,-2.5,No,150,64,-36
MCC (Micro Commercial Components),MCQD08P04,Active,R H,Dual,P+P,SOP-8,-40,±20,-8,0.05,0.06,,-1,-2.5,No,150,36,-32
MCC (Micro Commercial Components),MCGD30P02,Active,R H,Dual,P+P,DFN3333-D,-20,±10,-30,,0.019,0.022,-0.4,-1,No,150,31,-120
MCC (Micro Commercial Components),MCQD08P06Y,Active,R H,Dual,P+P,SOP-8,-60,±20,-8,0.085,0.12,,-1,-2.5,No,150,24,-32
MCC (Micro Commercial Components),MCQ4953,Active,R H,Dual,P+P,SOP-8,-30,±20,-5,0.05,0.065,,-1,-2.5,No,150,20,-20
MCC (Micro Commercial Components),MCAC027P06KQ,Active,A R H,Single,P,DFN5060,-60,±20,-46,0.027,0.041,,-1.5,-2.5,Yes,175,110,-184
MCC (Micro Commercial Components),MCAC011P04LKHE3,Active,A R H,Single,P,PDFN5060,-40,±20,-64,0.011,0.018,,-1.2,-2.2,Yes,150,132,-256
MCC (Micro Commercial Components),MCAC060P06LKQ,Active,A R H,Single,P,PDFN5060,-60,±20,-18,0.06,0.11,,-1.2,-2.8,Yes,175,25,-72
MCC (Micro Commercial Components),MCAC027P06K,Active,R H,Single,P,PDFN5060,-60,±20,-46,0.027,,,-1.2,-2.8,Yes,175,110,-184
MCC (Micro Commercial Components),MCAC85N04YHE3,Active,A R H,Single,N,DFN5060,40,±20,85,0.006,,,2,4,No,175,81,340
MCC (Micro Commercial Components),MCAC85N06KY,Active,R H,Single,N,DFN5060,60,±20,85,0.0037,0.005,,1,2.5,Yes,150,400,340
MCC (Micro Commercial Components),MCG016N03LK,Active,R H,Single,N,PDFN3333,30,±20,30,0.0155,0.0240,,1.3,2.5,Yes,150,24,120
MCC (Micro Commercial Components),MCU012P04LKHE3,Active,A R H,Single,P,DPAK,-40,±20,-48,0.012,0.019,,-1.2,-2.2,Yes,150,132,-192
MCC (Micro Commercial Components),MCU060P06K,Active,R H,Single,P,DPAK,-60,±20,-17,0.060,0.110,,-1.2,-2.8,Yes,175,17.3,-68
MCC (Micro Commercial Components),MCU024P06K,Active,R H,Single,P,DPAK,-60,±20,-37,0.024,,,-1.2,-2.8,Yes,175,110,-148
MCC (Micro Commercial Components),MCQ7328,Active,R H,Dual,P+P,SOP-8,-30,±20,-8,0.021,0.032,,-1,-2.5,No,150,49,-32
MCC (Micro Commercial Components),MCU45P03A,Active,R H,Single,P,DPAK,-30,±25,-45,0.008,0.013,,-1.2,-2.8,No,150,256,-175
MCC (Micro Commercial Components),MCU50P04A,Active,R H,Single,P,DPAK,-40,±20,-50,0.015,0.02,,-1,-2.5,No,150,100,-200
MCC (Micro Commercial Components),MCU45P04B,Active,R H,Single,P,DPAK,-40,±20,-45,0.014,0.021,,-1,-2.3,No,150,264,-140
MCC (Micro Commercial Components),MCU3D3N06YL,Active,R H,Single,N,DPAK,60,±20,157,0.0033,0.0047,,1.2,2.5,No,150,225,628
MCC (Micro Commercial Components),MCB3D0N06YL,Active,R H,Single,N,D2-PAK,60,±20,146,0.003,0.0044,,1.2,2.5,No,175,272,584
MCC (Micro Commercial Components),MCT165N15Y,Active,R H,Single,N,SOT-223,150,±20,2.2,0.165,,,1.5,2.5,No,150,,8.8
MCC (Micro Commercial Components),MCQ095P10,Active,R H,Single,P,SOP-8,-100,±20,-3.1,0.095,0.11,,-1.5,-2.5,No,150,64,-12.4
MCC (Micro Commercial Components),MCAC012P04L,Active,R H,Single,P,DFN5060,-40,±20,-55,0.012,0.025,,-1,-2.5,No,150,132,-220
MCC (Micro Commercial Components),MCB024P06KQ,Active,A R H,Single,P,D2-PAK,-60,±20,-38,0.024,,,-1.2,-2.8,Yes,175,100,-152
MCC (Micro Commercial Components),MCB016N06Q,Active,A R H,Single,N,D2-PAK,60,±20,43,0.016,,,1,3,No,175,81,172
MCC (Micro Commercial Components),MCG6D0P03L,Active,R H,Single,P,DFN3333,-30,±25,-75,0.006,0.0102,,-1.3,-2.3,No,150,566,-300
MCC (Micro Commercial Components),MCQ200P10L,Active,R H,Single,P,SOP-8,-100,±20,-2,0.2,0.246,,-1,-2,No,150,25,-8
MCC (Micro Commercial Components),MCG200P10L,Active,R H,Single,P,PDFN3333,-100,±20,-8,0.2,0.235,,-1.1,-2.1,No,150,27.5,-32
MCC (Micro Commercial Components),MCB7D2N15YH,Active,R H,Single,N,D2-PAK,150,±20,113,0.0072,,,2.4,3.6,No,175,400,452
MCC (Micro Commercial Components),MCP3D2N10YH,Active,R H,Single,N,TO-220AB(B),100,±20,190,0.0032,,,2,4,No,175,632,760
MCC (Micro Commercial Components),MCU031N10YHE3,Active,A R H,Single,N,DPAK,100,±20,24,0.031,,,2,4,No,175,36,96
MCC (Micro Commercial Components),MCU011N06YLHE3,Active,A R H,Single,N,DPAK,60,±20,44,0.011,0.017,,1.3,2.3,No,175,39.7,176
MCC (Micro Commercial Components),MCU9D1N10Y,Active,R H,Single,N,DPAK,100,±20,56,0.0091,,,1.5,2.9,No,175,110,224
MCC (Micro Commercial Components),MCG055P06,Active,R H,Single,P,DFN3333,-60,±20,-21,0.055,0.083,,-1,-3,No,150,44,-84
MCC (Micro Commercial Components),MCG078P06L,Active,R H,Single,P,DFN3333,-60,±20,-14,0.078,0.094,,-1,-2,No,150,25,-56
MCC (Micro Commercial Components),MCAC015P06YQ,Active,A R H,Single,P,DFN5060,-60,±20,-70,0.015,,,-1.5,-3.1,No,175,225,-280
MCC (Micro Commercial Components),MCAC3D0P03L,Active,R H,Single,P,DFN5060,-30,±20,-120,0.003,0.0052,,-1,-2.1,No,150,676,-480
MCC (Micro Commercial Components),MCG360P15,Active,R H,Single,P,DFN3333,-150,±20,-10,0.36,,,-2,-4,No,150,49,-40
MCC (Micro Commercial Components),MCGWF7D5P03LK,Active,R H,Single,P,DFN3333-8(SWF),-30,±20,-94,0.0075,0.013,,-1.0,-2.5,No,150,306,-376
MCC (Micro Commercial Components),MCAC50P04,Active,R H,Single,P,DFN5060,-40,±20,-50,0.013,0.02,,-1,-2.5,No,150,200,-200
MCC (Micro Commercial Components),MCAC013P06L,Active,R H,Single,P,DFN5060,-60,±20,-74,0.013,0.022,,-1.2,-2.4,No,175,225,-296
MCC (Micro Commercial Components),MCQ072P06L,Active,R H,Single,P,SOP-8,-60,±20,-3.5,0.072,0.09,,-1,-2,No,150,24,-14
MCC (Micro Commercial Components),MCT200P10L,Active,R H,Single,P,SOT-223,-100,±20,-2,0.2,0.25,,-1,-2,No,150,,-8
MCC (Micro Commercial Components),MCU072P06L,Active,R H,Single,P,DPAK,-60,±20,-14.8,0.072,0.08,,-1,-2,No,150,20.7,-59.2
MCC (Micro Commercial Components),MCU4D0P03L,Active,R H,Single,P,DPAK,-30,±20,-129,0.004,0.0059,,-1.0,-2.5,No,150,600,-516
MCC (Micro Commercial Components),MCB025P08,Active,R H,Single,P,D2-PAK,-80,±20,-50,0.025,,,-1.2,-2.8,No,175,237,-200
MCC (Micro Commercial Components),MCT090P10L,Active,R H,Single,P,SOT-223,-100,±20,-3.2,0.090,0.114,,-1.4,-2.5,No,150,,-12.8
MCC (Micro Commercial Components),MCU130P06LHE3,Active,A R H,Single,P,DPAK,-60,±20,-7.9,0.130,0.150,,-1.0,-2.0,No,150,14.8,-31.6
MCC (Micro Commercial Components),MCB8D8P06L,Active,R H,Single,P,D2-PAK,-60,±20,-98,0.0088,0.015,,-1.2,-2.8,No,175,441,-392
MCC (Micro Commercial Components),MCQ12N03HE3,Active,A R H,Single,N,SOP-8,30,±20,12,0.0065,0.012,,1,2.5,No,150,27,48
MCC (Micro Commercial Components),MCQ12N10Y,Active,R H,Single,N,SOP-8,100,±20,12,0.017,,,2,4,No,150,80,48
MCC (Micro Commercial Components),MCQ12N06,Active,R H,Single,N,SOP-8,60,±20,12,0.009,0.013,,1.1,2.5,No,150,120,48
MCC (Micro Commercial Components),MCQ18N03,Active,R H,Single,N,SOP-8,30,±20,18,0.007,0.01,,1,2.5,No,150,121,65
MCC (Micro Commercial Components),MCQ4406A,Active,R H,Single,N,SOP-8,30,±20,12,0.012,0.015,,1,2.5,No,150,56,48
MCC (Micro Commercial Components),MCQ4438,Active,R H,Single,N,SOP-8,60,±20,8.2,0.022,0.027,,1,3,No,150,72,40
MCC (Micro Commercial Components),MCQ4407B,Active,R H,Single,P,SOP-8,-30,±25,-12,0.0125,0.025,,-1.2,-2.8,No,150,90,-48
MCC (Micro Commercial Components),MCQ4435,Active,R H,Single,P,SOP-8,-30,±20,-9.1,0.024,0.035,,-1,-3,No,150,20,-36
MCC (Micro Commercial Components),MCQ4435A,Active,R H,Single,P,SOP-8,-30,±20,-10,0.024,0.035,,-1,-2.5,No,150,20,-40
MCC (Micro Commercial Components),MCG55P02A,Active,R H,Single,P,DFN3333,-20,±10,-55,,0.0083,0.01,-0.4,-1,No,150,98,-160
MCC (Micro Commercial Components),MCQ05P10Y,Active,R H,Single,P,SOP-8,-100,±20,-4.5,0.11,0.12,,-1,-2.5,No,150,56,-18
MCC (Micro Commercial Components),MCAC60P06,Active,R H,Single,P,DFN5060,-60,±20,-60,0.018,,,-2,-3.5,No,175,225,-240
MCC (Micro Commercial Components),MCG35P04,Active,R H,Single,P,DFN3333,-40,±20,-35,0.025,0.035,,-1,-2.5,No,150,50,-140
MCC (Micro Commercial Components),MCG30P03,Active,R H,Single,P,DFN3333,-30,±25,-30,0.015,0.025,,-1.2,-2.8,No,150,100,-120
MCC (Micro Commercial Components),MCG20P03,Active,R H,Single,P,DFN3333,-30,±20,-20,0.02,0.027,,-1,-2.5,No,150,72,-80
MCC (Micro Commercial Components),MCAC50P03B,Active,R H,Single,P,DFN5060,-30,±25,-50,0.0055,0.0095,,-1.2,-2.8,No,150,360,-200
MCC (Micro Commercial Components),MCAC25P10Y,Active,R H,Single,P,DFN5060,-100,±20,-25,0.056,0.062,,-1,-2.5,No,150,162,-100
MCC (Micro Commercial Components),MCAC28P06Y,Active,R H,Single,P,DFN5060,-60,±20,-28,0.05,0.065,,-1.5,-2.7,No,150,81,-86
MCC (Micro Commercial Components),MCAC80P06Y,Active,R H,Single,P,DFN5060,-60,±18,-80,0.008,,,-2,-4,No,150,400,-320
MCC (Micro Commercial Components),MCG25P06Y,Active,R H,Single,P,DFN3333,-60,±20,-25,0.05,0.065,,-1.5,-2.7,No,150,81,-75
MCC (Micro Commercial Components),MCQ9435,Active,R H,Single,P,SOP-8,-30,±20,-5.1,0.05,0.065,,-1,-2,No,150,20,-20.4
MCC (Micro Commercial Components),MCAC25P10YHE3,Active,A R H,Single,P,DFN5060,-100,±20,-25,0.055,0.06,,-1,-2.5,No,150,162,-100
MCC (Micro Commercial Components),MCQ14P02,Active,R H,Single,P,SOP-8,-20,±10,-14,,0.0085,0.0105,-0.4,-1,No,150,361,-56
MCC (Micro Commercial Components),MCQ07P06Y,Active,R H,Single,P,SOP-8,-60,±20,-7,0.047,0.06,,-1.3,-2.5,No,150,90,-28
MCC (Micro Commercial Components),MCG20P06Y,Active,R H,Single,P,DFN3333-8,-60,±20,-20,0.028,0.039,,-1,-2.5,No,150,103,-80
MCC (Micro Commercial Components),MCQ02P15,Active,R H,Single,P,SOP-8,-150,±20,-2,0.31,,,-1,-3.5,No,150,25,-8
MCC (Micro Commercial Components),MCAC55P03,Active,R H,Single,P,DFN5060,-30,±20,-55,0.006,0.0095,,-1,-2.5,No,150,361,-220
MCC (Micro Commercial Components),MCG25P03,Active,R H,Single,P,DFN3333,-30,±20,-25,0.019,0.025,,-1,-2,No,150,60.5,-100
MCC (Micro Commercial Components),MCG25P05YHE3,Active,A R H,Single,P,DFN3333,-48,±20,-25,0.045,0.061,,-1.5,-2.7,No,150,81,-100
MCC (Micro Commercial Components),MCG20P06,Active,R H,Single,P,DFN3333,-60,±20,-20,0.025,0.034,,-1,-3,No,150,100,-80
MCC (Micro Commercial Components),MCAC115P02,Active,R H,Single,P,DFN5060,-20,±10,-115,0.0032,0.004,,-0.3,-0.9,No,150,400,-460
MCC (Micro Commercial Components),MCQ12P04A,Active,R H,Single,P,SOP-8,-40,±20,-12,0.021,0.026,,-1,-2.5,No,150,64,-48
MCC (Micro Commercial Components),MCAC80P06YHE3,Active,A R H,Single,P,DFN5060,-60,±18,-80,0.008,,,-2,-4,No,150,400,-320
MCC (Micro Commercial Components),MCG15P10YHE3,Active,A R H,Single,P,DFN3333,-100,±20,-15,0.11,0.12,,-1,-2.5,No,150,64,-35
MCC (Micro Commercial Components),MCG35P02,Active,R H,Single,P,DFN3333,-20,±10,-35,,0.014,0.018,-0.4,-1,No,150,98,-140
MCC (Micro Commercial Components),MCG35P04A,Active,R H,Single,P,DFN3333,-40,±20,-35,0.02,0.025,,-1,-2.5,No,150,98,140
MCC (Micro Commercial Components),MCG35P03A,Active,R H,Single,P,DFN3333,-30,±20,-54,0.009,0.013,,-1,-2.5,No,150,162,-216
MCC (Micro Commercial Components),MCAC30P03,Active,R H,Single,P,DFN5060,-30,±20,-41,0.016,0.025,,-1,-2,No,150,60,-164
MCC (Micro Commercial Components),MCAC40P03,Active,R H,Single,P,DFN5060,-30,±20,-40,0.009,0.013,,-1,-2.5,No,150,180,-160
MCC (Micro Commercial Components),MCAC055P10,Active,R H,Single,P,DFN5060,-100,±20,-25,0.055,0.064,,-1.5,-2.5,No,150,144,-100
MCC (Micro Commercial Components),MCG50P03B,Active,R H,Single,P,PDFN3333,-30,±25,-50,0.011,0.019,,-1,-3,No,150,95,-200
MCC (Micro Commercial Components),MCQ4409B,Active,R H,Single,P,SOP-8,-30,±25,-18,0.006,0.01,,-1,-2.5,No,150,400,-72
MCC (Micro Commercial Components),MCAC017P08Y,Active,R H,Single,P,DFN5060,-80,±18,-50,0.017,0.022,,-1.2,-3,No,150,600,-200
MCC (Micro Commercial Components),MCAC085P10,Active,R H,Single,P,DFN5060,-100,±20,-18,0.085,0.102,,-1.5,-2.5,No,150,96,-72
MCC (Micro Commercial Components),MCAC011P03L,Active,R H,Single,P,DFN5060,-30,±25,-50,0.0105,0.02,,-1.2,-2.8,No,150,100,-200
MCC (Micro Commercial Components),MCGWF110P10YLHE3,Active,A R H,Single,P,DFN3333-8(SWF),-100,±20,-15,0.11,0.12,,-1.3,-2.3,No,150,84,-60
MCC (Micro Commercial Components),MCGWF120P10YQ,Active,A R H,Single,P,DFN3333-8(SWF),-100,±20,-15,0.12,,,-2,-3.5,No,175,83,-60
MCC (Micro Commercial Components),MCGWF085P10,Active,R H,Single,P,DFN3333-8(SWF),-100,±20,-16,0.085,0.102,,-1.5,-2.5,No,150,79,-64
MCC (Micro Commercial Components),MCG085P10,Active,R H,Single,P,DFN3333,-100,±20,-14,0.085,0.102,,-1.5,-2.5,No,150,64,-56
MCC (Micro Commercial Components),MCQ065P03L,Active,R H,Single,P,SOP-8,-30,±20,-4,0.065,0.11,,-1,-2.4,No,150,,-16
MCC (Micro Commercial Components),MCAC030P04L,Active,R H,Single,P,DFN5060,-40,±20,-20,0.03,0.045,,-1.1,-2.5,No,150,50,-80
MCC (Micro Commercial Components),MCAC7D5P04L,Active,R H,Single,P,DFN5060,-40,±25,-60,0.0075,0.0105,,-1.2,-2.5,No,150,400,-240
MCC (Micro Commercial Components),MCG45P02,Active,R H,Single,P,PDFN3333,-20,±10,-45,,0.0075,0.01,-0.4,-1,No,150,64,-180
MCC (Micro Commercial Components),MCAC8D0P03L,Active,R H,Single,P,DFN5060,-30,±20,-65,0.008,0.012,,-1,-2.5,No,150,256,-260
MCC (Micro Commercial Components),MCT072P06L,Active,R H,Single,P,SOT-223,-60,±20,-3.5,0.072,0.09,,-1,-2,No,150,,-14
MCC (Micro Commercial Components),MCU015P06YQ,Active,A R H,Single,P,DPAK,-60,±20,-57,0.015,,,-1.5,-3.1,No,175,118,-228
MCC (Micro Commercial Components),MCU055P06L,Active,R H,Single,P,DPAK,-60,±20,-19,0.055,,,-1.2,-2.8,No,175,49,-76
MCC (Micro Commercial Components),MCU036P06L,Active,R H,Single,P,DPAK,-60,±20,-28,0.036,0.04,,-1,-2,No,150,54,-112
MCC (Micro Commercial Components),MCP056P10YL,Active,R H,Single,P,TO-220AB(H),-100,±20,-27,0.056,0.062,,-1,-2.5,No,150,110,-108
MCC (Micro Commercial Components),MCU085P10,Active,R H,Single,P,DPAK,-100,±20,-20,0.085,0.102,,-1.5,-2.5,No,150,81,-80
MCC (Micro Commercial Components),MCT055P06Y,Active,R H,Single,P,SOT-223,-60,±20,-5,0.055,0.07,,-1.5,-3,No,150,,-20
MCC (Micro Commercial Components),MCG104N10,Active,R H,Single,N,PDFN3333,100,±20,14,0.104,,,2,4,No,150,9,56
MCC (Micro Commercial Components),MCG4D3N04L,Active,R H,Single,N,DFN3333,40,±20,88,0.0043,0.0067,,1,2,No,150,400,352
MCC (Micro Commercial Components),MCG2D5N04YL,Active,R H,Single,N,DFN3333,40,±20,135,0.0025,0.0039,,1.1,2.9,No,175,121,540
MCC (Micro Commercial Components),MCACD032NP06L,Active,R H,Dual,N+P,PDFN5060-8D,60/-60,±20,20/-12,0.032/0.110,0.037/0.135,,1.0/-1.2,2/-2.2,No,150,36/36,80/-48
MCC (Micro Commercial Components),MCQD028NP04L,Active,R H,Dual,N+P,SOP-8,40/-40,±20,5.1/-3.3,0.028/0.071,0.039/0.099,,1.0/-1.0,2.5/-2.5,No,150,,20.4/-13.2
MCC (Micro Commercial Components),MCQD037NP06L,Active,R H,Dual,N+P,SOP-8,60/-60,±20,4.4/-2.2,0.037/0.134,0.047/0.180,,1.0/-1.0,2.0/-2.0,No,150,25/12.2,17.6/-8.8
MCC (Micro Commercial Components),MCACD100NP10L,Active,R H,Dual,N+P,PDFN5060-8D,100/-100,±20,10/-12,0.10/0.11,0.107/0.120,,1.1/-1.0,3/-2.5,No,150,12/49,40/-48
MCC (Micro Commercial Components),MCQ200NP10L,Active,R H,Dual,N+P,SOP-8,100/-100,±20,4.0/-4.0,0.27/0.20,0.28/0.22,,1.0/-1.0,2.5/-2.5,No,150,3.0/28,16/-16
MCC (Micro Commercial Components),MCQ03NP10L,Active,R H,Dual,N+P,SOP-8,100/-100,±20,5.0/-3.0,0.027/0.110,0.030/0.120,,1.0/-1.0,2.5/-2.5,No,150,,20/-12
MCC (Micro Commercial Components),MCGD016NP04L,Active,R H,Dual,N+P,DFN3333-D,40/-40,±20,24/-18,0.016/0.029,0.021/0.041,,1.0/-1.1,2.2/-2.1,No,150,6.25/6.25,96/-72
MCC (Micro Commercial Components),MCGD018NP03L,Active,R H,Dual,N+P,DFN3333-D,30/-30,±20,20/-20,0.020/0.018,0.030/0.025,,1.0/-1.0,2.5/-2.5,No,150,25/81,80/-80
MCC (Micro Commercial Components),MCQ018NP03L,Active,R H,Dual,N+P,SOP-8,30/-30,±20,7.0/-5.0,0.018/0.043,0.030/0.063,,1.0/-1.0,2.2/-2.4,No,150,,28/-20
MCC (Micro Commercial Components),MCQ019P03L,Active,R H,Single,P,SOP-8,-30,±20,-7.7,0.019,0.028,,-1,-2.5,No,150,60,-30.8
MCC (Micro Commercial Components),MCAC070P06L,Active,R H,Single,P,PDFN5060,-60,±20,-15.7,0.070,0.097,,-1.0,-2.0,No,150,30,-62.8
MCC (Micro Commercial Components),MCG013P04L,Active,R H,Single,P,DFN3333,-40,±20,-45,0.013,0.025,,-1.2,-2.2,No,150,100,-180
MCC (Micro Commercial Components),MCPF650N80SHK,Active,R H,Single,N,TO-220F,800,±20,6,0.66,,,2.5,4.5,Yes,150,8.6,24
MCC (Micro Commercial Components),MCU052N06LK,Active,R H,Single,N,DPAK,60,±20,15,0.052,0.06,,1,2.5,Yes,150,30,60
MCC (Micro Commercial Components),MCU450N80SHK,Active,R H,Single,N,DPAK,800,±20,12,0.468,,,2.5,4.5,Yes,150,2.7,48
MCC (Micro Commercial Components),MSJU04N80A,Active,R H,Single,N,DPAK,800,±20,4.5,1.3,,,2.5,4.5,Yes,150,50,18
MCC (Micro Commercial Components),MCU95N06KY,Active,R H,Single,N,DPAK,60,±20,95,0.0055,0.007,,1,2.5,Yes,150,256,380
MCC (Micro Commercial Components),MSJPF11N80A,Active,R H,Single,N,TO-220F,800,±20,11,0.47,,,2.5,4.5,Yes,150,142,33
MCC (Micro Commercial Components),MSJU06N80A,Active,R H,Single,N,DPAK,800,±20,6,0.95,,,2.5,4.5,Yes,150,39.5,24
MCC (Micro Commercial Components),MSJP11N80A,Active,R H,Single,N,TO-220,800,±20,11,0.47,,,2.5,4.5,Yes,150,142,44
MCC (Micro Commercial Components),MSJB11N80A,Active,R H,Single,N,D2-PAK,800,±20,11,0.47,,,2.5,4.5,Yes,150,142,33
MCC (Micro Commercial Components),MCT01N65K,Active,R H,Single,N,SOT-223,650,±30,1,11,,,2,4,Yes,150,,4
MCC (Micro Commercial Components),MSJP07N80A,Active,R H,Single,N,TO-220AB(H),800,±20,7,0.95,,,2.5,4.5,Yes,150,32,28
MCC (Micro Commercial Components),MSJPF07N80A,Active,R H,Single,N,TO-220F,800,±20,7,0.95,,,2.5,4.5,Yes,150,32,28
MCC (Micro Commercial Components),MSJP06N80A,Active,R H,Single,N,TO-220AB(H),800,±30,6,1.2,,,2.5,4.5,Yes,150,54,24
MCC (Micro Commercial Components),MCB150N06KY,Active,R H,Single,N,D2-PAK,60,±20,150,0.0035,0.0048,,1,2.5,Yes,150,441,450
MCC (Micro Commercial Components),MSJB06N80A,Active,R H,Single,N,D2-PAK,800,±30,6,1.2,,,2.5,4.5,Yes,150,50,24
MCC (Micro Commercial Components),MSJPF06N80A,Active,R H,Single,N,TO-220F,800,±30,6,1.2,,,2.5,4.5,Yes,150,54,24
MCC (Micro Commercial Components),MSJPF11N65A,Active,R H,Single,N,TO-220F,650,±30,11,0.396,,,2,4,No,150,142,44
MCC (Micro Commercial Components),MSJB17N80,Active,R H,Single,N,D2-PAK,800,±30,17,0.29,,,2,4,No,150,300,68
MCC (Micro Commercial Components),MSJPF11N65,Active,R H,Single,N,TO-220F,650,±30,11,0.408,,,2.5,4,No,150,211,33
MCC (Micro Commercial Components),MSJU07N65A,Active,R H,Single,N,DPAK,650,±30,7,0.6,,,2,4,No,150,90,28
MCC (Micro Commercial Components),MSJU11N65A,Active,R H,Single,N,DPAK,650,±30,11,0.396,,,2,4,No,150,142,44
MCC (Micro Commercial Components),MCU80N03,Active,R H,Single,N,DPAK,30,±20,80,0.004,0.006,,0.8,2.5,No,175,156,320
MCC (Micro Commercial Components),MCU80N03A,Active,R H,Single,N,DPAK,30,±20,80,0.0055,0.008,,1,2.5,No,175,230,320
MCC (Micro Commercial Components),MCU80N06,Active,R H,Single,N,DPAK,60,±20,80,0.013,,,1,2.4,No,175,290,150
MCC (Micro Commercial Components),MCU80N06A,Active,R H,Single,N,DPAK,60,±20,80,0.0075,0.0095,,1.2,2,No,175,150,320
MCC (Micro Commercial Components),MCB145N06Y,Active,R H,Single,N,D2-PAK,60,±20,145,0.0075,0.0095,,1.2,2.5,No,150,144,580
MCC (Micro Commercial Components),MCB160N04Y,Active,R H,Single,N,D2-PAK,40,±20,160,0.00185,0.0028,,1,2.5,No,150,625,480
MCC (Micro Commercial Components),MSJU05N90A,Active,R H,Single,N,DPAK,900,±30,5,1.49,,,2,3.5,No,150,68,20
MCC (Micro Commercial Components),MSJP20N65A,Active,R H,Single,N,TO-220AB(H),650,±30,20,0.19,,,2,4,No,150,303,80
MCC (Micro Commercial Components),MSJPF20N65A,Active,R H,Single,N,TO-220F,650,±30,20,0.19,,,2,4,No,150,303,80
MCC (Micro Commercial Components),MSJPF08N90A,Active,R H,Single,N,TO-220F,900,±30,8,1.3,,,2,4,No,150,45,32
MCC (Micro Commercial Components),MCP130N10YA,Active,R H,Single,N,TO-220AB(H),100,±20,130,0.0055,,,2,4,No,150,552,520
MCC (Micro Commercial Components),MCP130N10YB,Active,R H,Single,N,TO-220AB(H),100,±20,130,0.0055,0.0065,,1,2.5,No,150,340,520
MCC (Micro Commercial Components),MCB118N085Y,Active,R H,Single,N,D2-PAK,85,±20,118,0.006,,,2,4,No,150,380,472
MCC (Micro Commercial Components),MCP118N085Y,Active,R H,Single,N,TO-220AB(H),85,±20,118,0.0065,,,2,4,No,150,351,472
MCC (Micro Commercial Components),MCU110N08Y,Active,R H,Single,N,DPAK,80,±20,110,0.0056,0.007,,1.4,2.5,No,150,361,440
MCC (Micro Commercial Components),MCP120N08Y,Active,R H,Single,N,TO-220AB(H),80,±20,120,0.0048,,,2,4,No,150,702,480
MCC (Micro Commercial Components),MCAC53N06Y,Active,R H,Single,N,DFN5060,60,±20,53,0.0075,0.0095,,1.1,2.5,No,150,100,212
MCC (Micro Commercial Components),MCB120N08Y,Active,R H,Single,N,D2-PAK,80,±20,120,0.0045,,,2,4,No,150,506,480
MCC (Micro Commercial Components),MCB130N10YA,Active,R H,Single,N,D2-PAK,100,±20,130,0.0046,,,2,4,No,150,289,520
MCC (Micro Commercial Components),MCB180N10Y,Active,R H,Single,N,D2-PAK,100,±20,180,0.0033,,,2,4,No,150,1568,720
MCC (Micro Commercial Components),MCB200N06Y,Active,R H,Single,N,D2-PAK,60,±20,200,0.0029,0.0039,,1.2,2.2,No,150,500,800
MCC (Micro Commercial Components),MCB200N06YA,Active,R H,Single,N,D2-PAK,60,±20,200,0.0032,,,2.2,3.8,No,150,506,800
MCC (Micro Commercial Components),MCAC80N06Y,Active,R H,Single,N,DFN5060,60,±20,80,0.0042,0.0052,,1.2,2.5,No,150,400,320
MCC (Micro Commercial Components),MCB70N10YB,Active,R H,Single,N,D2-PAK,100,±20,70,0.0086,,,2,4,No,150,200,280
MCC (Micro Commercial Components),MCB85N06Y,Active,R H,Single,N,D2-PAK,60,±20,85,0.013,,,1,2.4,No,150,290,150
MCC (Micro Commercial Components),MCB90N12,Active,R H,Single,N,D2-PAK,120,±20,90,0.0072,,,2,4,No,150,306,360
MCC (Micro Commercial Components),MCP75N10Y,Active,R H,Single,N,TO-220AB(H),100,±20,75,0.0086,,,2,4,No,150,182,300
MCC (Micro Commercial Components),MCT03N06,Active,R H,Single,N,SOT-223,60,±20,3,0.1,0.12,,0.5,2,No,150,,12
MCC (Micro Commercial Components),MCT04N15,Active,R H,Single,N,SOT-223,150,±20,4,0.16,,,1.5,2.5,No,150,1.6,16
MCC (Micro Commercial Components),MCU75N06Y,Active,R H,Single,N,DPAK,60,±20,75,0.0048,0.0071,,1,2.5,No,175,144,300
MCC (Micro Commercial Components),MCU75N06YHE3,Active,A R H,Single,N,DPAK,60,±20,75,0.0048,0.0071,,1,2.5,No,175,144,300
MCC (Micro Commercial Components),MCP70N15Y,Active,R H,Single,N,TO-220AB(H),150,±20,70,0.02,,,2,4,No,175,168,280
MCC (Micro Commercial Components),MCT01N65,Active,R H,Single,N,SOT-223,650,±30,1,11,,,2,4,No,150,,4
MCC (Micro Commercial Components),MCB220N04Y,Active,R H,Single,N,D2-PAK,40,±20,220,0.0015,,,2,4,No,175,900,880
MCC (Micro Commercial Components),MCP70N15YA,Active,R H,Single,N,TO-220AB(H),150,±20,70,0.021,,,3,5,No,175,192,280
MCC (Micro Commercial Components),MCB70N15Y,Active,R H,Single,N,D2-PAK,150,±20,70,0.017,,,2,4,No,175,200,280
MCC (Micro Commercial Components),MCB55N10YA,Active,R H,Single,N,D2-PAK,100,±20,55,0.02,,,2,4,No,150,144,220
MCC (Micro Commercial Components),MCP65N06,Active,R H,Single,N,TO-220AB(H),60,±20,65,0.011,,,2,4,No,150,125,260
MCC (Micro Commercial Components),MSJUFR05N65,Active,R H,Single,N,DPAK,650,±30,5,1.9,,,2,4,No,150,20,20
MCC (Micro Commercial Components),MSJB14N65A,Active,R H,Single,N,D2-PAK,650,±30,14,0.4,,,2,4,No,150,100,56
MCC (Micro Commercial Components),MCB220N15Y,Active,R H,Single,N,D2-PAK,150,±20,220,0.0065,,,2,4,No,150,500,880
MCC (Micro Commercial Components),MCP18N20A,Active,R H,Single,N,TO-220AB(H),200,±20,18,0.15,,,2,4,No,150,330,72
MCC (Micro Commercial Components),MCB80N06Y,Active,R H,Single,N,D2-PAK,60,±20,80,0.0055,0.0065,,1,2.5,No,175,145,320
MCC (Micro Commercial Components),MCB220N04YHE3,Active,A R H,Single,N,D2-PAK,40,±20,220,0.0015,,,2,4,No,175,900,880
MCC (Micro Commercial Components),MCB180N04YHE3,Active,A R H,Single,N,D2-PAK,40,±20,180,0.0025,,,2,4,No,175,937,720
MCC (Micro Commercial Components),MCB200N06YHE3,Active,A R H,Single,N,D2-PAK,60,±20,200,0.0035,0.0045,,1,2.5,No,150,600,800
MCC (Micro Commercial Components),MCU01N60A,Active,R H,Single,N,DPAK,600,±30,1.3,9,,,3,4.2,No,150,7.2,5.2
MCC (Micro Commercial Components),MCU50N06AHE3,Active,A R H,Single,N,DPAK,60,±20,50,0.015,0.018,,1,2.5,No,150,72,120
MCC (Micro Commercial Components),MCU80N06AHE3,Active,A R H,Single,N,DPAK,60,±20,80,0.0075,0.01,,1.2,2.5,No,150,144,240
MCC (Micro Commercial Components),MCPF18N20A,Active,R H,Single,N,TO-220F,200,±20,18,0.15,,,2,4,No,150,330,72
MCC (Micro Commercial Components),MSJW47N60A,Active,R H,Single,N,TO-247,600,±30,47,0.091,,,2,4,No,150,300,185
MCC (Micro Commercial Components),MSJP09N65A,Active,R H,Single,N,TO-220AB(H),650,±30,9,0.96,,,2,4,No,150,70,30
MCC (Micro Commercial Components),MSJW20N65A,Active,R H,Single,N,TO-247,650,±30,20,0.19,,,2,5,No,150,485,80
MCC (Micro Commercial Components),MCB90N12A,Active,R H,Single,N,D2-PAK,120,±20,90,0.009,0.011,,1,3,No,150,400,360
MCC (Micro Commercial Components),MCPF90N12A,Active,R H,Single,N,TO-220F,120,±20,90,0.009,0.011,,1,3,No,150,441,360
MCC (Micro Commercial Components),MSJP08N90A,Active,R H,Single,N,TO-220AB(H),900,±30,8,1.62,,,2,4,No,150,81,32
MCC (Micro Commercial Components),MCT05N06,Active,R H,Single,N,SOT-223,60,±20,5,0.035,0.045,,1,2.5,No,150,,20
MCC (Micro Commercial Components),MCB130N10YB,Active,R H,Single,N,D2-PAK,100,±20,130,0.005,0.006,,1,2.5,No,150,360,520
MCC (Micro Commercial Components),MCB70N10YA,Active,R H,Single,N,D2-PAK,100,±20,70,0.0086,0.011,,1,3,No,150,200,280
MCC (Micro Commercial Components),MSJP14N65A,Active,R H,Single,N,TO-220AB(H),650,±30,14,0.31,,,2,4,No,150,88,56
MCC (Micro Commercial Components),MCW099N60SH,Active,R H,Single,N,TO-247,600,±30,30.5,0.103,,,2.5,4.5,No,150,16,122
MCC (Micro Commercial Components),MCU5D8N10YL,Active,R H,Single,N,DPAK,100,±20,100,0.0058,0.0075,,1,2.5,No,150,282,400
MCC (Micro Commercial Components),MCU6D0N04YHQ,Active,A R H,Single,N,DPAK,40,±20,72,0.006,,,2,4,No,175,95,288
MCC (Micro Commercial Components),MCU7D2N04YHQ,Active,A R H,Single,N,DPAK,40,±20,60,0.0072,,,2,4,No,175,68,240
MCC (Micro Commercial Components),MCU017N10YLQ,Active,A R H,Single,N,DPAK,100,±20,42,0.017,0.022,,1.3,2.3,No,175,64,168
MCC (Micro Commercial Components),MCB7D2N06YLQ,Active,A R H,Single,N,D2-PAK,60,±20,85,0.0072,0.0097,,1,2.5,No,175,121,340
MCC (Micro Commercial Components),MCU655N65FH,Active,R H,Single,N,DPAK,650,±30,7,0.672,,,3,5,No,150,2.88,28
MCC (Micro Commercial Components),MCU062N15YH,Active,R H,Single,N,DPAK,150,±20,18,0.062,,,2,4,No,150,6.6,72
MCC (Micro Commercial Components),MCU3D8N04YHQ,Active,A R H,Single,N,DPAK,40,±20,100,0.0038,,,2.2,3.8,No,175,161,400
MCC (Micro Commercial Components),MCD5K0N90SH,Active,R H,Single,N,SOT-223-2L,900,±30,1,5.52,,,2,4,No,150,3.1,4
MCC (Micro Commercial Components),MCU600N60SH,Active,R H,Single,N,DPAK,600,±30,6.3,0.613,,,2.5,4.5,No,150,54,25.2
MCC (Micro Commercial Components),MCU5K0N90SH,Active,R H,Single,N,DPAK,900,±30,1.65,5.16,,,2,4,No,150,3.1,6.6
MCC (Micro Commercial Components),MCU1K4N95SH,Active,R H,Single,N,DPAK,950,±30,5,1.49,,,2,4,No,150,66,20
MCC (Micro Commercial Components),MCU2D5N04YHQ,Active,A R H,Single,N,DPAK,40,±20,130,0.0025,,,2,4,No,175,790,520
MCC (Micro Commercial Components),MCB6D5N15YH,Active,R H,Single,N,D2-PAK,150,±20,115,0.0065,,,2,4,No,150,784,460
MCC (Micro Commercial Components),MCPF1K4N95SH,Active,R H,Single,N,TO-220F,950,±30,3.4,1.49,,,2,4,No,150,158,13.6
MCC (Micro Commercial Components),MCU3D6N04YQ,Active,A R H,Single,N,DPAK,40,±20,110,0.0036,,,2,3.6,No,175,203,440
MCC (Micro Commercial Components),MCU018N06L,Active,R H,Single,N,DPAK,60,±20,32,0.018,0.021,,1,2.5,No,150,68,128
MCC (Micro Commercial Components),MCU600N65SH,Active,R H,Single,N,DPAK,650,±30,6.6,0.613,,,2.5,4.5,No,150,34,26.4
MCC (Micro Commercial Components),MCU05N20B,Active,R H,Single,N,DPAK,200,±20,5,0.55,,,2,4,No,150,50,20
MCC (Micro Commercial Components),MCB95N04YHE3,Active,A R H,Single,N,D2-PAK,40,±20,95,0.003,,,2,4,No,175,156,380
MCC (Micro Commercial Components),MCU029N10YLHE3,Active,A R H,Single,N,DPAK,100,±20,27,0.029,0.047,,1,2.5,No,175,25,108
MCC (Micro Commercial Components),MCB011N10YLHE3,Active,A R H,Single,N,D2-PAK,100,±20,63,0.011,0.015,,1,2.5,No,175,100,252
MCC (Micro Commercial Components),MCU6D5N06YLQ,Active,A R H,Single,N,DPAK,60,±20,80,0.0065,0.009,,1.3,2.3,No,175,132,320
MCC (Micro Commercial Components),MCB075N60SH,Active,R H,Single,N,D2-PAK,600,±30,23,0.078,,,3,5,No,150,132,92
MCC (Micro Commercial Components),MSJWFR60N60,Active,R H,Single,N,TO-247AB(E),600,±30,58,0.035,,,3,5,No,150,2371,232
MCC (Micro Commercial Components),MCP2D6N10Y,Active,R H,Single,N,TO-220AB(H),100,±20,240,0.0026,,,2,4,No,150,1625,960
MCC (Micro Commercial Components),MSJPFFR20N60,Active,R H,Single,N,TO-220F,600,±30,12.3,0.204,,,3,5,No,150,160,49
MCC (Micro Commercial Components),MSJPFR20N60,Active,R H,Single,N,TO-220AB(H),600,±30,17.9,0.204,,,3,5,No,150,160,71.6
MCC (Micro Commercial Components),MCU7D5N10YL,Active,R H,Single,N,DPAK,100,±20,80,0.0075,0.0092,,1.1,2.5,No,150,231,320
MCC (Micro Commercial Components),MCB011N10YL,Active,R H,Single,N,D2-PAK,100,±20,63,0.011,0.015,,1,3,No,175,100,252
MCC (Micro Commercial Components),MCU2D8N04YHQ,Active,A R H,Single,N,DPAK,40,±20,160,0.0028,,,2,4,No,175,315,640
MCC (Micro Commercial Components),MCU011N10YL,Active,R H,Single,N,DPAK,100,±20,55,0.011,0.015,,1,3,No,175,77,220
MCC (Micro Commercial Components),MCB2D8N04YHQ,Active,A R H,Single,N,D2-PAK,40,±20,164,0.0028,,,2,4,No,175,484,656
MCC (Micro Commercial Components),MCB70N15YHE3,Active,A R H,Single,N,D2-PAK,150,±20,70,0.017,,,2,4,No,175,200,280
MCC (Micro Commercial Components),MCB80N06YHE3,Active,A R H,Single,N,D2-PAK,60,±20,80,0.0055,0.0065,,1,2.5,No,175,145,320
MCC (Micro Commercial Components),MCU019N15YH,Active,R H,Single,N,DPAK,150,±20,55,0.019,,,2,4,No,175,256,220
MCC (Micro Commercial Components),MCU031N10Y,Active,R H,Single,N,DPAK,100,±20,24,0.031,,,2,4,No,175,36,96
MCC (Micro Commercial Components),MCB2D5N10Y,Active,R H,Single,N,D2-PAK,100,±20,246,0.0025,,,2,4,No,175,1440,984
MCC (Micro Commercial Components),MCU2D5N04YH,Active,R H,Single,N,DPAK,40,±20,130,0.0025,,,2,4,No,175,790,520
MCC (Micro Commercial Components),MCB200N06YB,Active,R H,Single,N,D2-PAK,60,±20,200,0.0029,0.0039,,1.2,2.2,No,150,506,600
MCC (Micro Commercial Components),MCP2D5N10Y,Active,R H,Single,N,TO-220AB(B),100,±20,252,0.0025,,,2,4,No,175,1440,1008
MCC (Micro Commercial Components),MCB2D7N10YH,Active,R H,Single,N,D2-PAK,100,±20,170,0.0027,,,2.2,3.8,No,175,900,680
MCC (Micro Commercial Components),MCB3D0N10Y,Active,R H,Single,N,D2-PAK,100,±20,190,0.003,,,2,4,No,175,600,760
MCC (Micro Commercial Components),MCP2D0N04YL,Active,R H,Single,N,TO-220AB(H),40,±20,180,0.002,0.0025,,1,2.5,No,150,864,720
MCC (Micro Commercial Components),MCB8D3N10YH,Active,R H,Single,N,D2-PAK,100,±20,75,0.0083,,,2,4,No,175,156,300
MCC (Micro Commercial Components),MCP5D4N06YHE3,Active,A R H,Single,N,TO-220AB(B),60,±20,90,0.0054,,,2,4,No,175,138,360
MCC (Micro Commercial Components),MCP017N10Y,Active,R H,Single,N,TO-220AB(H),100,±20,39,0.017,,,2,4,No,150,77,156
MCC (Micro Commercial Components),MCB3D9N10YHR,Active,R H,Single,N,D2-PAK,100,±20,140,0.0039,,,2,4,No,175,506,560
MCC (Micro Commercial Components),MCT04N10A,Active,R H,Single,N,SOT-223,100,±20,4,0.11,0.12,,1.1,3,No,150,,16
MCC (Micro Commercial Components),MCB5D0N06YH,Active,R H,Single,N,D2-PAK,60,±20,90,0.005,,,2,4,No,175,132,360
MCC (Micro Commercial Components),MCU7D6N10YL,Active,R H,Single,N,DPAK,100,±20,75,0.0076,0.0095,,1.3,2.5,No,150,169,300
MCC (Micro Commercial Components),MCP9D0N12YH,Active,R H,Single,N,TO-220AB(H),120,±20,90,0.009,,,2.2,3.8,No,150,462,360
MCC (Micro Commercial Components),MCB95N04Y,Active,R H,Single,N,D2-PAK,40,±20,95,0.003,,,2,4,No,175,156,380
MCC (Micro Commercial Components),MCP012N15YH,Active,R H,Single,N,TO-220AB(H),150,±20,82,0.012,,,2,4,No,150,400,360
MCC (Micro Commercial Components),MCU010N12Y,Active,R H,Single,N,DPAK,120,±20,88,0.01,0.012,,1,3,No,150,380,352
MCC (Micro Commercial Components),MCU012N10YL,Active,R H,Single,N,DPAK,100,±20,55,0.012,0.015,,1,3,No,150,82,220
MCC (Micro Commercial Components),MCU9D0N06YL,Active,R H,Single,N,DPAK,60,±20,56,0.009,0.012,,1,3,No,175,73,224
MCC (Micro Commercial Components),MCU90N04Y,Active,R H,Single,N,DPAK,40,±20,90,0.0031,,,2,4,No,175,175,360
MCC (Micro Commercial Components),MCU2D5N03L,Active,R H,Single,N,DPAK,30,±20,180,0.0025,0.0033,,1,2.5,No,150,400,720
MCC (Micro Commercial Components),MCB5D0N06YHHE3,Active,A R H,Single,N,D2-PAK,60,±20,90,0.005,,,2,4,No,175,132,360
MCC (Micro Commercial Components),MCP9D0N10YH,Active,R H,Single,N,TO-220AB(H),100,±20,79,0.009,,,2,4,No,175,132,316
MCC (Micro Commercial Components),MCP012N20YH,Active,R H,Single,N,TO-220AB(B),200,±20,95,0.012,,,2,4,No,175,470,380
MCC (Micro Commercial Components),MCB2D8N10YHR,Active,R H,Single,N,D2-PAK,100,±20,250,0.0028,,,2.3,3.7,No,175,1225,1000
MCC (Micro Commercial Components),MCB3D2N04YQ,Active,A R H,Single,N,D2-PAK,40,±20,138,0.0032,,,2,3.6,No,175,225,552
MCC (Micro Commercial Components),MCACD12NP10YHE3,Active,A R H,Dual,N+P,PDFN5060-8D,100/-100,±20,40/-12,0.024/0.115,0.030/0.138,,1.2/-1.2,2.5/-2.5,No,150,72/36,80/-40
MCC (Micro Commercial Components),MCQ11NP04,Active,R H,Dual,N+P,SOP-8,40/-40,±20,11/-11,0.032/0.033,0.050/0.050,,1.0/-1.0,2.5/-2.5,No,150,15/45,44/-44
MCC (Micro Commercial Components),MCACD40NP03,Active,R H,Dual,N+P,PDFN5060-8D,30/-30,±20/±25,40/-40,0.009/0.012,0.014/0.020,,1.0/-1.2,2.5/-2.7,No,150,56/90,160/-160
MCC (Micro Commercial Components),MCACD12NP10Y,Active,R H,Dual,N+P,DFN5060-8D,100/-100,±20,25/-12,0.026/0.120,0.030/0.130,,1.2/-1.2,2.5/-2.5,No,150,64/72,100/-48
MCC (Micro Commercial Components),MCQ4559A,Active,R H,Dual,N+P,SOP-8,60/-60,±20,4.5/-3.5,0.045/0.080,0.050/0.115,,1.0/-1.0,2.5/-2.5,No,150,24,18/-14
MCC (Micro Commercial Components),MCQ07NP03A,Active,R H,Dual,N+P,SOP-8,30/-30,±20,7.0/-7.0,0.018/0.023,0.030/0.034,,1.0/-1.0,2.2/-2.5,No,150,,28/-28
MCC (Micro Commercial Components),MCQ4503A,Active,R H,Dual,N+P,SOP-8,30/-30,±20,6.5/-5.0,0.03/0.06,0.04/0.09,,1.2/-1,2.4/-2.5,No,150,,26/-20
MCC (Micro Commercial Components),MCQ4503B,Active,R H,Dual,N+P,SOP-8,30/-30,±12,5.6/-4.4,0.025/0.055,0.031/0.066,,0.65/-0.60,1.5/-1.4,No,150,,23/-18
MCC (Micro Commercial Components),MCS2305B,Active,R,Single,P,TSSOP-8,-20,±8.0,-8.2,,0.0085,0.011,-0.55,-0.9,No,150,50,-32
MCC (Micro Commercial Components),MCU18P10Y,Active,R H,Single,P,DPAK,-100,±20,-18,0.11,0.13,,-1,-2.5,No,150,100,-72
MCC (Micro Commercial Components),MCT04P06,Active,R H,Single,P,SOT-223,-60,±20,-3.5,0.08,0.1,,-1,-3,No,150,30,-14
MCC (Micro Commercial Components),MCP60P06,Active,R H,Single,P,TO-220AB(H),-60,±20,-60,0.018,,,-2,-3.5,No,175,722,-240
MCC (Micro Commercial Components),MCB40P10Y,Active,R H,Single,P,D2-PAK,-100,±20,-40,0.056,0.062,,-1,-2.5,No,150,132,-160
MCC (Micro Commercial Components),MCU80P06Y,Active,R H,Single,P,DPAK,-60,±20,-80,0.0084,,,-2,-4,No,150,400,-320
MCC (Micro Commercial Components),MCU60P06,Active,R H,Single,P,DPAK,-60,±20,-60,0.018,,,-2,-3.5,No,150,289,-240
MCC (Micro Commercial Components),MCU30P06Y,Active,R H,Single,P,DPAK,-60,±20,-30,0.055,0.065,,-1.5,-2.7,No,150,49,-120
MCC (Micro Commercial Components),MCU28P10Y,Active,R H,Single,P,DPAK,-100,±20,-28,0.058,0.065,,-1,-2.5,No,150,110,-112
MCC (Micro Commercial Components),MCU50P06Y,Active,R H,Single,P,DPAK,-60,±20,-50,0.012,0.015,,-1,-3,No,150,169,-200
MCC (Micro Commercial Components),MCT15P02,Active,R H,Single,P,SOT-223,-20,±10,-15,,0.025,0.03,-0.5,-0.9,No,150,16,-60
MCC (Micro Commercial Components),MCU12P06Y,Active,R H,Single,P,DPAK,-60,±20,-12,0.085,0.12,,-1,-2.5,No,150,35,-30
MCC (Micro Commercial Components),MCU18P10YHE3,Active,A R H,Single,P,DPAK,-100,±20,-18,0.11,0.12,,-1,-2.5,No,150,36,-72
MCC (Micro Commercial Components),MCB110P06Y,Active,R H,Single,P,D2-PAK,-60,±20,-110,0.0084,,,-2,-3.5,No,150,625,-440
MCC (Micro Commercial Components),MCU45P04A,Active,R H,Single,P,DPAK,-40,±20,-45,0.02,0.023,,-1,-2.5,No,150,132,-180
MCC (Micro Commercial Components),MCPF80P06Y,Active,R H,Single,P,TO-220F,-60,±20,-80,0.01,,,-2,-4,No,150,729,-320
MCC (Micro Commercial Components),MCP80P06Y,Active,R H,Single,P,TO-220AB(H),-60,±20,-80,0.0084,0.01,,-2,-3.5,No,150,729,-320
MCC (Micro Commercial Components),MCT08P10Y,Active,R H,Single,P,SOT-223,-100,±20,-8,0.11,0.13,,-1,-2.5,No,150,,-32
MCC (Micro Commercial Components),MCT04P06Y,Active,R H,Single,P,SOT-223,-60,±20,-4,0.085,0.12,,-1,-2.5,No,150,24,-16
MCC (Micro Commercial Components),MCU60P04A,Active,R H,Single,P,DPAK,-40,±20,-60,0.01,0.012,,-1,-2.5,No,150,100,-200
MCC (Micro Commercial Components),MCU65P04,Active,R H,Single,P,DPAK,-40,±20,-65,0.014,,,-1,-2.5,No,150,132,-220
MCC (Micro Commercial Components),MCU40P06,Active,R H,Single,P,DPAK,-60,±20,-40,0.025,0.034,,-1,-3,No,150,55,-160
MCC (Micro Commercial Components),MCU40P06Y,Active,R H,Single,P,DPAK,-60,±20,-40,0.029,,,-1,-2.5,No,150,70,-160
MCC (Micro Commercial Components),MCU20P03,Active,R H,Single,P,DPAK,-30,±20,-20,0.017,0.025,,-1,-2,No,150,84.5,-80
MCC (Micro Commercial Components),MCU15P10YHE3,Active,A R H,Single,P,DPAK,-100,±20,-15,0.12,,,-2,-4,No,150,72,-60
MCC (Micro Commercial Components),MCU50P06YHE3,Active,A R H,Single,P,DPAK,-60,±20,-50,0.012,0.016,,-1,-3,No,150,169,-200
MCC (Micro Commercial Components),MCU10P15,Active,R H,Single,P,DPAK,-150,±20,-10,0.31,,,-1,-3.5,No,150,36,-40
MCC (Micro Commercial Components),MCU013P06L,Active,R H,Single,P,DPAK,-60,±20,-70,0.013,0.022,,-1.2,-2.4,No,175,150,-280
MCC (Micro Commercial Components),MCQ105N10L,Active,R H,Single,N,SOP-8,100,±20,2.7,0.105,0.115,,1,2.5,No,150,9,10.8
MCC (Micro Commercial Components),MCAC6D0N03L,Active,R H,Single,N,PDFN5060,30,±20,77.8,0.006,0.008,,1,2.5,No,150,98,311.2
MCC (Micro Commercial Components),MCG3D6N03L,Active,R H,Single,N,DFN3333,30,±20,60,0.0036,0.0055,,1,2,No,150,400,240
MCC (Micro Commercial Components),MCG3D7N03L,Active,R H,Single,N,DFN3333,30,±20,100,0.0037,0.0052,,1,2,No,150,169,400
MCC (Micro Commercial Components),MCG8D2N06YL,Active,R H,Single,N,DFN3333,60,±20,45,0.0082,0.012,,1,2.5,No,175,49,180
MCC (Micro Commercial Components),MCG012N04LHE3,Active,A R H,Single,N,PDFN3333,40,±20,30,0.012,0.017,,1,2,No,150,40,120
MCC (Micro Commercial Components),MCGWF7D2N06YLHE3,Active,A R H,Single,N,DFN3333-8(SWF),60,±20,81,0.0072,0.0105,,1.3,2.3,No,175,136,324
MCC (Micro Commercial Components),MCAC9D6N06YL,Active,R H,Single,N,DFN5060,60,±20,53,0.0096,0.014,,1.3,2.3,No,150,42,212
MCC (Micro Commercial Components),MCAC5D9N04Y,Active,R H,Single,N,DFN5060,40,±20,72,0.0059,,,2,4,No,175,49,288
MCC (Micro Commercial Components),MCAC5D0N10Y,Active,R H,Single,N,DFN5060,100,±20,100,0.005,,,1.4,3,No,150,306,400
MCC (Micro Commercial Components),MCACLFD027N06LQ,Active,A R H,Dual,N+N,LFPAK56D,60,±20,27,0.027,0.039,,1.2,2.2,No,175,36,108
MCC (Micro Commercial Components),MCAC7D6N06Y,Active,R H,Single,N,DFN5060,60,±20,66,0.0076,,,1.5,2.5,No,150,153,264
MCC (Micro Commercial Components),MCAC8D5N10Y,Active,R H,Single,N,DFN5060,100,±20,85,0.0085,,,1.4,3,No,150,110,340
MCC (Micro Commercial Components),MCAC031N10Y,Active,R H,Single,N,DFN5060,100,±20,25.5,0.031,,,2.2,3.7,No,175,29,102
MCC (Micro Commercial Components),MCAC246N20YH,Active,R H,Single,N,DFN5060,200,±20,8.4,0.246,,,2.2,3.7,No,150,30.6,33.6
MCC (Micro Commercial Components),MCAC30N04,Active,R H,Single,N,DFN5060,40,±20,30,0.014,0.019,,1,2.5,No,150,49,120
MCC (Micro Commercial Components),MCACL280N04Y,Active,R H,Single,N,DFN5060-C,40,±20,280,0.0008,,,2,4,No,175,1458,1120
MCC (Micro Commercial Components),MCG5D8N04YHE3,Active,A R H,Single,N,PDFN3333,40,±20,70,0.0058,,,2,4,No,175,40,280
MCC (Micro Commercial Components),MCAC8D0N10Y,Active,R H,Single,N,DFN5060,100,±20,83,0.008,,,2.2,3.7,No,150,121,332
MCC (Micro Commercial Components),MCG010N06YL,Active,R H,Single,N,PDFN3333,60,±20,45,0.01,0.015,,1.3,2.5,No,150,40,180
MCC (Micro Commercial Components),MCAC150N15Y,Active,R H,Single,N,DFN5060,150,±20,11,0.15,0.17,,1.5,2.5,No,150,2.4,44
MCC (Micro Commercial Components),MCAC2D7N03YL,Active,R H,Single,N,DFN5060,30,±20,130,0.0027,0.0052,,1.2,2.5,No,150,84,520
MCC (Micro Commercial Components),MCAC8D3N10YH,Active,R H,Single,N,DFN5060,100,±20,81,0.0083,,,2,4,No,175,138,324
MCC (Micro Commercial Components),MCAC2D6N06YL,Active,R H,Single,N,DFN5060,60,±20,240,0.0026,0.0042,,1.3,2.4,No,175,272,960
MCC (Micro Commercial Components),MCAC5D2N10Y,Active,R H,Single,N,DFN5060,100,±20,117,0.0052,,,1.8,3.4,No,150,169,468
MCC (Micro Commercial Components),MCAC2D4N03YL,Active,R H,Single,N,DFN5060,30,±20,125,0.0024,0.0042,,1.2,2.2,No,150,110,500
MCC (Micro Commercial Components),MCAC3D5N04Y,Active,R H,Single,N,DFN5060,40,±20,118,0.0035,,,2,4,No,175,110,472
MCC (Micro Commercial Components),MCG018N06LHE3,Active,A R H,Single,N,PDFN3333,60,±20,30,0.018,0.022,,1,2,No,150,55,120
MCC (Micro Commercial Components),MCGWF5D5N06YLHE3,Active,A R H,Single,N,DFN3333-8(SWF),60,±20,86,0.0055,0.009,,1,2.5,No,175,112.5,344
MCC (Micro Commercial Components),MCGWF011N10YLHE3,Active,A R H,Single,N,DFN3333-8(SWF),100,±20,65,0.011,0.016,,1,2.5,No,175,81,260
MCC (Micro Commercial Components),MCAC140N04YHE3,Active,A R H,Single,N,DFN5060,40,±20,140,0.002,0.0039,,1,3,No,175,169,560
MCC (Micro Commercial Components),MCG062N15Y,Active,R H,Single,N,PDFN3333,150,±20,14,0.062,,,2,4,No,150,7,56
MCC (Micro Commercial Components),MCG080N06LHE3,Active,A R H,Single,N,PDFN3333-B,60,±20,9,0.08,0.09,,0.9,2,No,150,12,36
MCC (Micro Commercial Components),MCG240N10L,Active,R H,Single,N,DFN3333,100,±20,5,0.24,0.25,,1.1,3,No,150,4,20
MCC (Micro Commercial Components),MCQ014N10YL,Active,R H,Single,N,SOP-8,100,±20,11,0.014,0.017,,1,3,No,150,121,44
MCC (Micro Commercial Components),MCAC120N04Y,Active,R H,Single,N,DFN5060,40,±20,120,0.0031,,,2,4,No,175,156,480
MCC (Micro Commercial Components),MCAC012N10YL,Active,R H,Single,N,DFN5060,100,±20,58,0.012,0.017,,1,2.5,No,175,81,232
MCC (Micro Commercial Components),MCACLS330N04YAHE3,Active,A R H,Single,N,DFN5060-DSC,40,±20,330,0.0011,,,2,4,No,175,1350,1320
MCC (Micro Commercial Components),MCGWF60N04YHE3,Active,A R H,Single,N,DFN3333-8(SWF),40,±20,60,0.0039,,,2,4,No,175,156,240
MCC (Micro Commercial Components),MCAC7D0N04L,Active,R H,Single,N,DFN5060,40,±20,75,0.007,0.009,,1,2.5,No,150,100,300
MCC (Micro Commercial Components),MCAC7D5N10YL,Active,R H,Single,N,DFN5060,100,±20,75,0.0075,0.0095,,1.3,2.5,No,150,225,300
MCC (Micro Commercial Components),MCAC012N06H,Active,R H,Single,N,DFN5060,60,±20,60,0.012,,,2,4,No,150,265,240
MCC (Micro Commercial Components),MCACLS290N04YHE3,Active,A R H,Single,N,DFN5060-DSC,40,±20,290,0.0011,,,2,4,No,175,330,1160
MCC (Micro Commercial Components),MCAC160N06YHE3,Active,A R H,Single,N,DFN5060,60,±20,160,0.0025,,,2,4,No,175,529,640
MCC (Micro Commercial Components),MCG012N10YL,Active,R H,Single,N,DFN3333,100,±20,50,0.012,0.018,,1,3,No,175,64,200
MCC (Micro Commercial Components),MCAC95N04YHE3,Active,A R H,Single,N,DFN5060,40,±20,95,0.0032,,,2,4,No,175,132,380
MCC (Micro Commercial Components),MCAC25N10YHE3,Active,A R H,Single,N,DFN5060,100,±20,25,0.033,0.06,,1,2.5,No,175,25,100
MCC (Micro Commercial Components),MCAC014N10Y,Active,R H,Single,N,DFN5060,100,±20,60,0.014,0.02,,1,3,No,150,81,240
MCC (Micro Commercial Components),MCACL2D5N06YL,Active,R H,Single,N,DFN5060,60,±20,140,0.0025,0.0035,,1.2,2.5,No,150,800,560
MCC (Micro Commercial Components),MCAC180N04YHE3,Active,A R H,Single,N,DFN5060,40,±20,180,0.002,,,2,4,No,175,937,720
MCC (Micro Commercial Components),MCAC125N04YHE3,Active,A R H,Single,N,DFN5060,40,±20,125,0.0026,,,2,4,No,175,132,500
MCC (Micro Commercial Components),MCAC160N06Y,Active,R H,Single,N,DFN5060,60,±20,160,0.0025,,,2,4,No,175,529,640
MCC (Micro Commercial Components),MCAC2D5N065Y,Active,R H,Single,N,DFN5060,65,±20,160,0.0025,,,2,4,No,175,529,640
MCC (Micro Commercial Components),MCGWF60N06YHE3,Active,A R H,Single,N,DFN3333-8(SWF),60,±20,60,0.006,0.01,,1,2.5,No,175,95,240
MCC (Micro Commercial Components),MCAC120N04YHE3,Active,A R H,Single,N,DFN5060,40,±20,120,0.0031,,,2,4,No,175,156,480
MCC (Micro Commercial Components),MCAC88N04Y,Active,R H,Single,N,DFN5060,40,±20,88,0.0045,,,2,4,No,175,56,352
MCC (Micro Commercial Components),MCAC88N04YHE3,Active,A R H,Single,N,DFN5060,40,±20,88,0.0045,,,2,4,No,175,56,352
MCC (Micro Commercial Components),MCG029N06Q,Active,A R H,Single,N,PDFN3333,60,±20,23,0.029,0.049,,1.5,2.5,No,175,32,92
MCC (Micro Commercial Components),MCAC6D9N06LQ,Active,A R H,Single,N,DFN5060,60,±20,75,0.0069,0.0095,,1.3,2.3,No,175,156,300
MCC (Micro Commercial Components),MCG5D7N04YHQ,Active,A R H,Single,N,PDFN3333,40,±20,69,0.0057,,,2,4,No,175,82,276
MCC (Micro Commercial Components),MCQ10N04,Active,R H,Single,N,SOP-8,40,±20,10,0.015,0.024,,1,2.5,No,150,49,40
MCC (Micro Commercial Components),MCG018N06L,Active,R H,Single,N,PDFN3333,60,±20,30,0.018,0.022,,1,2,No,150,55,120
MCC (Micro Commercial Components),MCG120N10L,Active,R H,Single,N,PDFN3333,100,±20,10,0.12,0.13,,1.3,2.3,No,175,18,40
MCC (Micro Commercial Components),MCG6D0N03YL,Active,R H,Single,N,PDFN3333-B,30,±20,45,0.006,0.012,,1,2.5,No,150,36,180
MCC (Micro Commercial Components),MCAC2D7N06YL,Active,R H,Single,N,DFN5060,60,±20,120,0.0027,0.0041,,1.3,2.3,No,150,361,480
MCC (Micro Commercial Components),MCAC1D1N03YL,Active,R H,Single,N,DFN5060,30,±20,240,0.0011,0.0017,,1.2,2.5,No,175,625,960
MCC (Micro Commercial Components),MCAC1D4N04YL,Active,R H,Single,N,DFN5060,40,±20,185,0.0014,0.0022,,1.3,2.3,No,150,900,740
MCC (Micro Commercial Components),MCG20N06HE3,Active,A R H,Single,N,PDFN3333,60,±20,20,0.028,0.035,,1,2.5,No,150,30,80
MCC (Micro Commercial Components),MCAC5D3N06YHE3,Active,A R H,Single,N,DFN5060,60,±20,75,0.0053,,,2,4,No,175,169,300
MCC (Micro Commercial Components),MCAC8D8N04YL,Active,R H,Single,N,DFN5060,40,±20,45,0.0088,0.015,,1.2,2.5,No,150,49,180
MCC (Micro Commercial Components),MCAC110N06Y,Active,R H,Single,N,DFN5060,60,±20,110,0.0028,0.0048,,1,2.5,No,150,220,440
MCC (Micro Commercial Components),MCAC5D5N03YL,Active,R H,Single,N,DFN5060,30,±20,55,0.0055,0.012,,1.2,2.2,No,150,36,220
MCC (Micro Commercial Components),MCG8D8N04YL,Active,R H,Single,N,DFN3333,40,±20,47,0.0088,0.015,,1.2,2.5,No,150,64,188
MCC (Micro Commercial Components),MCGL2D1N03YL,Active,R H,Single,N,PDFN3333-B,30,±20,100,0.0021,0.0045,,1.2,2.5,No,175,162,400
MCC (Micro Commercial Components),MCACL2D4N06YL,Active,R H,Single,N,DFN5060,60,±20,200,0.0024,0.0035,,1,2.5,No,175,242,800
MCC (Micro Commercial Components),MCQ070N15YH,Active,R H,Single,N,SOP-8,150,±20,5,0.07,,,2,4,No,150,4.4,20
MCC (Micro Commercial Components),MCAC3D8N04YHQ,Active,A R H,Single,N,DFN5060,40,±20,110,0.0038,,,2.2,3.8,No,175,273,440
MCC (Micro Commercial Components),MCAC6D5N10Y,Active,R H,Single,N,DFN5060,100,±20,80,0.0065,,,2,3,No,150,156,320
MCC (Micro Commercial Components),MCAC017N10YLQ,Active,A R H,Single,N,DFN5060,100,±20,40,0.017,0.022,,1.3,2.3,No,175,64,160
MCC (Micro Commercial Components),MCAC5D2N10YL,Active,R H,Single,N,DFN5060,100,±20,95,0.0052,0.0063,,1.1,2.5,No,150,400,380
MCC (Micro Commercial Components),MCAC140N04Y,Active,R H,Single,N,DFN5060,40,±20,140,0.002,0.0039,,1,3,No,175,169,560
MCC (Micro Commercial Components),MCG029N06L,Active,R H,Single,N,DFN3333,60,±20,18,0.029,0.035,,1,2.5,No,150,36,72
MCC (Micro Commercial Components),MCG4D8N04Y,Active,R H,Single,N,PDFN3333,40,±20,75,0.0048,,,2,4,No,175,54,300
MCC (Micro Commercial Components),MCG6D9N04YHQ,Active,A R H,Single,N,PDFN3333,40,±20,50,0.0069,,,2,4,No,175,68,200
MCC (Micro Commercial Components),MCAC032N06Q,Active,A R H,Single,N,DFN5060,60,±20,20,0.032,0.055,,1.5,2.5,No,175,36,80
MCC (Micro Commercial Components),MCAC3D4N10YH,Active,R H,Single,N,PDFN5060-8A,100,±20,196,0.0034,,,2,4,No,175,578,784
MCC (Micro Commercial Components),MCG5D9N03YL,Active,R H,Single,N,DFN3333,30,±20,45,0.0059,0.011,,1.2,2.5,No,150,30,180
MCC (Micro Commercial Components),MCG3D2N03YL,Active,R H,Single,N,PDFN3333,30,±20,70,0.0032,0.0056,,1.2,2.5,No,150,84,280
MCC (Micro Commercial Components),MCACL1D5N04YHE3,Active,A R H,Single,N,DFN5060-C,40,±20,302,0.0015,,,2,4,No,175,324,1208
MCC (Micro Commercial Components),MCACL1D7N04YHHE3,Active,A R H,Single,N,DFN5060-C,40,±20,180,0.0017,,,2,4,No,175,506,720
MCC (Micro Commercial Components),MCG4D8N04YHE3,Active,A R H,Single,N,PDFN3333,40,±20,75,0.0048,,,2,4,No,175,54,300
MCC (Micro Commercial Components),MCAC1D9N04YL,Active,R H,Single,N,DFN5060,40,±20,95,0.0019,0.0028,,1,2.5,No,150,400,380
MCC (Micro Commercial Components),MCAC012N10YLHE3,Active,A R H,Single,N,DFN5060,100,±20,58,0.012,0.017,,1,2.5,No,175,81,232
MCC (Micro Commercial Components),MCG013N10YL,Active,R H,Single,N,DFN3333,100,±20,45,0.013,0.016,,1,3,No,150,100,180
MCC (Micro Commercial Components),MCAC6D5N10YL,Active,R H,Single,N,DFN5060,100,±20,74,0.0065,0.0085,,1.1,2.5,No,150,289,296
MCC (Micro Commercial Components),MCACLD85N04YL,Active,R H,Single,N,DFN5060-C,40,±20,300,0.00085,0.0014,,1,2.5,No,175,1250,1200
MCC (Micro Commercial Components),MCQ011N06YL,Active,R H,Single,N,SOP-8,60,±20,10,0.011,0.015,,1,3,No,150,84,40
MCC (Micro Commercial Components),MCAC012N15YH,Active,R H,Single,N,DFN5060,150,±20,70,0.0118,,,2,4,No,150,361,280
MCC (Micro Commercial Components),MCAC9D5N06YL,Active,R H,Single,N,DFN5060,60,±20,60,0.0095,0.013,,1,3,No,150,64,240
MCC (Micro Commercial Components),MCAC150N03A,Active,R H,Single,N,DFN5060,30,±20,150,0.002,0.003,,1,2.5,No,150,400,300
MCC (Micro Commercial Components),MCAC30N06Y,Active,R H,Single,N,DFN5060,60,±20,30,0.02,0.022,,1,2.5,No,150,100,120
MCC (Micro Commercial Components),MCAC38N10Y,Active,R H,Single,N,DFN5060,100,±20,38,0.0175,0.0215,,1,2.5,No,150,81,160
MCC (Micro Commercial Components),MCAC40N03A,Active,R H,Single,N,DFN5060,30,±20,40,0.0075,0.0115,,1,2.5,No,150,55,160
MCC (Micro Commercial Components),MCAC50N03,Active,R H,Single,N,DFN5060,30,±20,50,0.0047,0.006,,1,2.5,No,175,196,200
MCC (Micro Commercial Components),MCAC50N10Y,Active,R H,Single,N,DFN5060,100,±20,50,0.006,0.01,,1,3,No,150,100,200
MCC (Micro Commercial Components),MCAC80N10Y,Active,R H,Single,N,DFN5060,100,±20,80,0.0043,0.0063,,1,3,No,150,64,320
MCC (Micro Commercial Components),MCAC88N12,Active,R H,Single,N,DFN5060,120,±20,88,0.0072,,,2,4,No,150,400,352
MCC (Micro Commercial Components),MCAC88N12A,Active,R H,Single,N,DFN5060,120,±20,88,0.0076,0.0096,,1,3,No,150,400,352
MCC (Micro Commercial Components),MCAC90N10Y,Active,R H,Single,N,DFN5060,100,±20,90,0.0048,,,2,4,No,150,400,360
MCC (Micro Commercial Components),MCAC95N065Y,Active,R H,Single,N,DFN5060,65,±20,95,0.0028,0.0038,,1.2,2.2,No,150,800,380
MCC (Micro Commercial Components),MCAC95N06Y,Active,R H,Single,N,DFN5060,60,±20,95,0.0028,0.0038,,1.2,2.2,No,150,800,390
MCC (Micro Commercial Components),MCAC95N06YB,Active,R H,Single,N,DFN5060,60,±20,95,0.0029,,,2,4,No,150,800,380
MCC (Micro Commercial Components),MCAC60N10Y,Active,R H,Single,N,DFN5060,100,±20,60,0.0086,,,2.2,3.4,No,150,200,240
MCC (Micro Commercial Components),MCAC60N10YA,Active,R H,Single,N,DFN5060,100,±20,60,0.0086,0.013,,1.3,2.5,No,150,200,240
MCC (Micro Commercial Components),MCAC60N15YA,Active,R H,Single,N,DFN5060,150,±25,60,0.019,,,2,4,No,150,25,240
MCC (Micro Commercial Components),MCAC68N03Y,Active,R H,Single,N,DFN5060,30,±20,68,0.0072,0.0124,,1,2,No,150,41.4,272
MCC (Micro Commercial Components),MCG20N04,Active,R H,Single,N,DFN3333,40,±20,20,0.014,0.0185,,1,2.5,No,150,40,80
MCC (Micro Commercial Components),MCG30N03A,Active,R H,Single,N,DFN3333,30,±20,30,0.01,0.013,,1,2.5,No,175,60,120
MCC (Micro Commercial Components),MCG35N04A,Active,R H,Single,N,DFN3333,40,±20,35,0.008,0.013,,1,2.5,No,150,120,160
MCC (Micro Commercial Components),MCAC38N10YHE3,Active,A R H,Single,N,DFN5060,100,±20,38,0.019,0.023,,1,2.5,No,150,81,160
MCC (Micro Commercial Components),MCACL175N06Y,Active,R H,Single,N,DFN5060-C,60,±20,175,0.00225,0.003,,1,2.5,No,150,992,700
MCC (Micro Commercial Components),MCG53N06AHE3,Active,A R H,Single,N,DFN3333,60,±20,53,0.0082,0.012,,1.2,2.5,No,150,162,212
MCC (Micro Commercial Components),MCG40N10Y,Active,R H,Single,N,DFN3333,100,±20,40,0.0185,0.0225,,1,2.5,No,150,81,160
MCC (Micro Commercial Components),MCAC38N10YA,Active,R H,Single,N,DFN5060,100,±20,38,0.02,,,2,4,No,150,84,152
MCC (Micro Commercial Components),MCG50N04,Active,R H,Single,N,DFN3333,40,±20,50,0.004,0.0052,,1,2.5,No,150,400,200
MCC (Micro Commercial Components),MCAC100N08YA,Active,R H,Single,N,DFN5060,80,±20,100,0.0045,0.0065,,1,2.5,No,150,600,400
MCC (Micro Commercial Components),MCACL120N10Y,Active,R H,Single,N,DFN5060-C,100,±20,120,0.0042,,,2,4,No,150,552,480
MCC (Micro Commercial Components),MCACL120N10YA,Active,R H,Single,N,DFN5060-C,100,±20,120,0.004,0.005,,1,2.5,No,150,529,480
MCC (Micro Commercial Components),MSJAC11N50B,Active,R H,Single,N,DFN5060,500,±30,11,0.42,,,2,4,No,150,80,44
MCC (Micro Commercial Components),MCAC100N08Y,Active,R H,Single,N,DFN5060,80,±20,100,0.0045,,,2,4,No,150,600,400
MCC (Micro Commercial Components),MCACL110N08Y,Active,R H,Single,N,DFN5060-C,80,±20,110,0.0039,,,2,4,No,150,846,440
MCC (Micro Commercial Components),MCAC60N10YAHE3,Active,A R H,Single,N,DFN5060,100,±20,60,0.01,0.013,,1,2.8,No,150,200,240
MCC (Micro Commercial Components),MCAC30N04HE3,Active,A R H,Single,N,DFN5060,40,±20,30,0.016,0.02,,1,2.5,No,150,40,120
MCC (Micro Commercial Components),MCAC53N06YHE3,Active,A R H,Single,N,DFN5060,60,±20,53,0.0075,0.0095,,1.2,2.5,No,150,114,212
MCC (Micro Commercial Components),MCAC60N04HE3,Active,A R H,Single,N,DFN5060,40,±20,60,0.007,,,1,2.5,No,150,100,240
MCC (Micro Commercial Components),MCG40N10YHE3,Active,A R H,Single,N,DFN3333,100,±20,40,0.0185,0.0225,,1,2.5,No,150,81,110
MCC (Micro Commercial Components),MCG05N20,Active,R H,Single,N,DFN3333,200,±20,5,0.32,,,1,2,No,150,60,20
MCC (Micro Commercial Components),MCG45N10Y,Active,R H,Single,N,DFN3333,100,±20,45,0.012,,,2,4,No,150,12,180
MCC (Micro Commercial Components),MCACL320N04YQ,Active,A R H,Single,N,DFN5060-C,40,±20,320,0.0011,,,2,4,No,175,541,1280
MCC (Micro Commercial Components),MCAC130N04YHE3,Active,A R H,Single,N,DFN5060,40,±20,130,0.00175,0.0025,,1.2,2.5,No,175,661,520
MCC (Micro Commercial Components),MCAC100N10YHE3,Active,A R H,Single,N,DFN5060,100,±20,100,0.0055,,,2,4,No,150,400,360
MCC (Micro Commercial Components),MCAC30N06HE3,Active,A R H,Single,N,DFN5060,60,±20,30,0.021,0.026,,1,2.5,No,150,90,120
MCC (Micro Commercial Components),MCAC15N15Y,Active,R H,Single,N,DFN5060,150,±20,15,0.07,,,2,4,No,150,4.4,60
MCC (Micro Commercial Components),MCAC95N06YHE3,Active,A R H,Single,N,DFN5060,60,±20,95,0.0038,0.0045,,1.2,2.2,No,150,1000,390
MCC (Micro Commercial Components),MCAC55N10Y,Active,R H,Single,N,DFN5060,100,±20,55,0.014,0.022,,1,3,No,150,121,220
MCC (Micro Commercial Components),MCAC57N15Y,Active,R H,Single,N,DFN5060,150,±20,57,0.017,,,2,4,No,150,81,200
MCC (Micro Commercial Components),MCG30N04HE3,Active,A R H,Single,N,DFN3333,40,±20,30,0.014,0.0185,,1,2.5,No,150,40,120
MCC (Micro Commercial Components),MCG35N04HE3,Active,A R H,Single,N,DFN3333,40,±20,35,0.008,0.013,,1,2.5,No,150,120,160
MCC (Micro Commercial Components),MCACL200N04YA,Active,R H,Single,N,DFN5060-C,40,±20,200,0.0013,0.002,,1,2.5,No,150,625,800
MCC (Micro Commercial Components),MCQ10N06Y,Active,R H,Single,N,SOP-8,60,±20,10,0.019,0.022,,1,2.5,No,150,40,40
MCC (Micro Commercial Components),MCAC100N04,Active,R H,Single,N,DFN5060,40,±20,100,0.0035,0.0048,,1,2.5,No,150,400,400
MCC (Micro Commercial Components),MCG15N10,Active,R H,Single,N,DFN3333,100,±20,15,0.099,,,2,4,No,150,20,60
MCC (Micro Commercial Components),MCAC75N06Y,Active,R H,Single,N,DFN5060,60,±20,75,0.0056,,,2,4,No,175,169,300
MCC (Micro Commercial Components),MCACL220N04YHE3,Active,A R H,Single,N,DFN5060-C,40,±20,220,0.0013,0.002,,1,2.5,No,175,625,880
MCC (Micro Commercial Components),MCAC75N04YHE3,Active,A R H,Single,N,DFN5060,40,±20,75,0.0068,,,2,4,No,175,84,300
MCC (Micro Commercial Components),MCACL1D6N06YL,Active,R H,Single,N,DFN5060-C,60,±20,230,0.0016,0.0025,,1,2.5,No,150,576,920
MCC (Micro Commercial Components),MCACL220N06YHE3,Active,A R H,Single,N,DFN5060-C,60,±20,220,0.0016,0.0024,,1,2.5,No,150,1428,800
MCC (Micro Commercial Components),MCAC70N15YHE3,Active,A R H,Single,N,DFN5060,150,±20,70,0.017,,,2,4,No,175,81,280
MCC (Micro Commercial Components),MCACL330N04Y,Active,R H,Single,N,DFN5060-C,40,±20,330,0.00085,,,2,4,No,175,2000,1320
MCC (Micro Commercial Components),MCG60N06Y,Active,R H,Single,N,DFN3333,60,±20,60,0.006,0.0083,,1,2.5,No,175,144,240
MCC (Micro Commercial Components),MCACL220N06Y,Active,R H,Single,N,DFN5060-C,60,±20,220,0.0016,0.0024,,1,2.5,No,150,676,800
MCC (Micro Commercial Components),MCAC65N06YHE3,Active,A R H,Single,N,DFN5060,60,±20,65,0.0052,0.0078,,1,2.5,No,175,144,260
MCC (Micro Commercial Components),MCACL170N08Y,Active,R H,Single,N,DFN5060,80,±20,170,0.0025,,,2,4,No,150,648,680
MCC (Micro Commercial Components),MCG60N06YHE3,Active,A R H,Single,N,DFN3333,60,±20,60,0.006,0.0083,,1,2.5,No,175,144,240
MCC (Micro Commercial Components),MCAC80N04Y,Active,R H,Single,N,DFN5060,40,±20,80,0.0026,,,2,4,No,150,200,320
MCC (Micro Commercial Components),MCAC65N06Y,Active,R H,Single,N,DFN5060,60,±20,65,0.0057,0.0078,,1,2.5,No,175,144,260
MCC (Micro Commercial Components),MCACL1D7N04YH,Active,R H,Single,N,DFN5060-C,40,±20,180,0.0017,,,2,4,No,175,506,720
MCC (Micro Commercial Components),MCACD55N04YHE3,Active,A R H,Dual,N+N,PDFN5060-8D,40,±20,55,0.0085,,,2,4,No,175,72,220
MCC (Micro Commercial Components),MCQD04N06,Active,R H,Dual,N+N,SOP-8,60,±20,4,0.075,0.09,,0.9,2,No,150,12,16
MCC (Micro Commercial Components),MCQD07N04,Active,R H,Dual,N+N,SOP-8,40,±20,7,0.032,0.05,,1,2.5,No,150,14,28
MCC (Micro Commercial Components),MCQD09N06Y,Active,R H,Dual,N+N,SOP-8,60,±20,9,0.02,0.024,,1,2.5,No,150,50,36
MCC (Micro Commercial Components),MCQD08N03B,Active,R H,Dual,N+N,SOP-8,30,±12,8,0.025,0.03,0.04,0.6,1.5,No,150,16,32
MCC (Micro Commercial Components),MCACD60N06Y,Active,R H,Dual,N+N,PDFN5060-8D,60,±20,60,0.0065,0.009,,1,2.5,No,175,128,240
MCC (Micro Commercial Components),MCACD60N06YHE3,Active,A R H,Dual,N+N,PDFN5060-8D,60,±20,60,0.0065,0.009,,1,2.5,No,175,128,240
MCC (Micro Commercial Components),MCACD20N06HE3,Active,A R H,Dual,N+N,PDFN5060-8D,60,±20,20,0.03,0.04,,1,2.5,No,150,40,80
MCC (Micro Commercial Components),MCACD20N10YHE3,Active,A R H,Dual,N+N,PDFN5060-8D,100,±20,20,0.022,0.027,,1,2.5,No,150,81,80
MCC (Micro Commercial Components),MCACD30N04HE3,Active,A R H,Dual,N+N,PDFN5060-8D,40,±20,30,0.015,0.023,,1,2.5,No,150,42,90
MCC (Micro Commercial Components),MCACD50N06YHE3,Active,A R H,Dual,N+N,PDFN5060-8D,60,±20,50,0.009,0.013,,1,2.5,No,150,162,150
MCC (Micro Commercial Components),MCQD08N06,Active,R H,Dual,N+N,SOP-8,60,±20,8,0.022,0.028,,1,3,No,150,49,32
MCC (Micro Commercial Components),MCACD20N10Y,Active,R H,Dual,N+N,DFN5060-8D,100,±20,20,0.022,0.027,,1,2.5,No,150,64,80
MCC (Micro Commercial Components),MCQ4828A,Active,R H,Dual,N+N,SOP-8,60,±20,4.5,0.056,0.077,,1,3,No,150,18,18
MCC (Micro Commercial Components),MCQD05N06,Active,R H,Dual,N+N,SOP-8,60,±20,5,0.035,0.045,,1,2.5,No,150,30,20
MCC (Micro Commercial Components),MCQD08N03A,Active,R H,Dual,N+N,SOP-8,30,±20,8.5,0.023,0.032,,1,2.2,No,150,,34
MCC (Micro Commercial Components),MCQD12N03A,Active,R H,Dual,N+N,SOP-8,30,±20,12,0.012,0.015,,1,2.5,No,150,56,48
MCC (Micro Commercial Components),MCGD25N04,Active,R H,Dual,N+N,DFN3333-D,40,±20,25,0.018,0.024,,1,2.5,No,150,50,100
MCC (Micro Commercial Components),MCQ03N06,Active,R H,Dual,N+N,SOP-8,60,±20,3,0.105,0.125,,0.8,1.4,No,150,,10
MCC (Micro Commercial Components),MCQ05N06,Active,R H,Dual,N+N,SOP-8,60,±20,5,0.045,0.05,,1,3,No,150,,20
MCC (Micro Commercial Components),MCQ05N15,Active,R H,Single,N,SOP-8,150,±25,5,0.063,,,2,4,No,150,40,20
MCC (Micro Commercial Components),MCG50N03,Active,R H,Single,N,DFN3333,30,±20,50,0.006,0.008,,1,2.5,No,175,112,200
MCC (Micro Commercial Components),MCG53N06A,Active,R H,Single,N,DFN3333,60,±20,53,0.0082,0.012,,1.2,2.5,No,150,162,212
MCC (Micro Commercial Components),MCQ15N10YA,Active,R H,Single,N,SOP-8,100,±20,15,0.0095,0.0125,,1,3,No,150,156,60
MCC (Micro Commercial Components),MCAC100N03Y,Active,R H,Single,N,DFN5060,30,±20,100,0.003,0.0046,,1.5,2.5,No,150,270,400
MCC (Micro Commercial Components),MCAC10H03A,Active,R H,Single,N,DFN5060,30,±20,100,0.003,0.004,,1,2.5,No,150,243,400
MCC (Micro Commercial Components),MCAC130N04,Active,R H,Single,N,DFN5060,40,±20,130,0.00175,0.0025,,1,2.5,No,150,600,520
MCC (Micro Commercial Components),MCACD260N10L,Active,R H,Dual,N+N,DFN5060-8D,100,±20,4.9,0.26,0.27,,1.1,3,No,150,4,19.6
MCC (Micro Commercial Components),MCACD6D3N06YHE3,Active,A R H,Dual,N+N,PDFN5060-8D,60,±20,60,0.0063,,,2,4,No,175,121,240
MCC (Micro Commercial Components),MCACD033N10YLHE3,Active,A R H,Dual,N+N,PDFN5060-8D,100,±20,20,0.033,0.042,,1.2,2.2,No,175,20,80
MCC (Micro Commercial Components),MCACD6D5N03L,Active,R H,Dual,N+N,PDFN5060-8D,30,±20,45,0.0065,0.01,,1,2.5,No,150,144,180
MCC (Micro Commercial Components),MCACD6D7N04YHHE3,Active,A R H,Dual,N+N,PDFN5060-8D,40,±20,60,0.0067,,,2,4,No,175,42,240
MCC (Micro Commercial Components),MCACD033N10YL,Active,R H,Dual,N+N,PDFN5060-8D,100,±20,20,0.033,0.042,,1.2,2.2,No,175,20,80
MCC (Micro Commercial Components),MCACD5D0N04YHQ,Active,A R H,Dual,N+N,PDFN5060-8D,40,±20,85,0.005,,,2.2,3.8,No,175,81,340
MCC (Micro Commercial Components),MCG020N03L,Active,R H,Dual,N+N,DFN3333-D,30,±20,21,0.02,0.041,,1,2.2,No,150,16,84
MCC (Micro Commercial Components),MCACD60N04YHE3,Active,A R H,Dual,N+N,PDFN5060-8D,40,±20,60,0.0055,,,2,4,No,175,49,240
MCC (Micro Commercial Components),MCQD05N06HE3,Active,A R H,Dual,N+N,SOP-8,60,±20,5,0.03,0.04,,1,2.5,No,150,30,20
MCC (Micro Commercial Components),MCACD60N04Y,Active,R H,Dual,N+N,PDFN5060-8D,40,±20,60,0.0055,,,2,4,No,175,49,240
MCC (Micro Commercial Components),MCACD013N04L,Active,R H,Dual,N+N,PDFN5060-8D,40,±20,30,0.013,0.02,,1,2.5,No,175,42,120
MCC (Micro Commercial Components),MCACD011N06YL,Active,R H,Dual,N+N,PDFN5060-8D,60,±20,48,0.011,0.016,,1.3,2.4,No,150,35.4,192
MCC (Micro Commercial Components),MCACD030N06L,Active,R H,Dual,N+N,PDFN5060-8D,60,±20,20,0.03,0.04,,1,2.5,No,150,40,80
MCC (Micro Commercial Components),MCACD014N10Y,Active,R H,Dual,N+N,PDFN5060-8D,100,±20,50,0.014,0.022,,1,3,No,150,49,200
MCC (Micro Commercial Components),MCACD033N06Q,Active,A R H,Dual,N+N,PDFN5060-8D,60,±20,22,0.033,0.055,,1.5,2.5,No,175,30,88
MCC (Micro Commercial Components),MCP200N06Y,Active,R H,Single,N,TO-220AB(H),60,±20,200,0.0032,,,2,4,No,150,506,800
MCC (Micro Commercial Components),MCP90N06Y,Active,R H,Single,N,TO-220AB(H),60,±20,90,0.0075,0.01,,1,2.5,No,150,141,360
MCC (Micro Commercial Components),MCQ16N03,Active,R H,Single,N,SOP-8,30,±20,16,0.012,0.016,,1,3,No,150,56,64
MCC (Micro Commercial Components),MCU05N60A,Active,R H,Single,N,DPAK,600,±30,4.5,2.5,,,2,4,No,150,210,18
MCC (Micro Commercial Components),MCU120N04,Active,R H,Single,N,DPAK,40,±20,120,0.0035,0.0048,,1,2.5,No,150,272,480
MCC (Micro Commercial Components),MCU15N10A,Active,R H,Single,N,DPAK,100,±20,15,0.11,0.12,,1.1,3,No,175,9,60
MCC (Micro Commercial Components),MCU20N06A,Active,R H,Single,N,DPAK,60,±20,20,0.03,0.033,,1,2.5,No,150,30,80
MCC (Micro Commercial Components),MCU20N06B,Active,R H,Single,N,DPAK,60,±20,20,0.045,0.047,,1,3,No,150,30,60
MCC (Micro Commercial Components),MCU20N10,Active,R H,Single,N,DPAK,100,±20,20,0.048,0.053,,1.1,3,No,150,10,80
MCC (Micro Commercial Components),MCU30N02,Active,R H,Single,N,DPAK,20,±10,30,,0.007,0.009,0.45,1,No,175,50,120
MCC (Micro Commercial Components),MCU45N10,Active,R H,Single,N,DPAK,100,±20,45,0.017,0.0215,,1,3,No,150,81,180
MCC (Micro Commercial Components),MCU50N03A,Active,R H,Single,N,DPAK,30,±20,50,0.0073,0.0115,,1,2.2,No,150,53,200
MCC (Micro Commercial Components),MCU60N02,Active,R H,Single,N,DPAK,20,±10,60,,0.006,0.0088,0.4,1,No,175,68,240
MCC (Micro Commercial Components),MCU60N04A,Active,R H,Single,N,DPAK,40,±20,60,0.007,0.0096,,0.9,2,No,150,100,240
MCC (Micro Commercial Components),MCU90N06A,Active,R H,Single,N,DPAK,60,±20,90,0.0072,0.0085,,1,2.5,No,150,196,360
MCC (Micro Commercial Components),MSJP11N65A,Active,R H,Single,N,TO-220,650,±30,11,0.396,,,2,4,No,150,142,44
MCC (Micro Commercial Components),MCT04N10B,Active,R H,Single,N,SOT-223,100,±20,4,0.105,0.12,,1.1,3,No,150,16,16
MCC (Micro Commercial Components),MCU20N10A,Active,R H,Single,N,DPAK,100,±20,20,0.045,0.06,,1.2,2.5,No,150,16,80
MCC (Micro Commercial Components),MCU15N10B,Active,R H,Single,N,DPAK,100,±20,15,0.09,0.11,,1.2,2.5,No,150,20,60
MCC (Micro Commercial Components),MCU110N06YA,Active,R H,Single,N,DPAK,60,±20,110,0.0044,0.005,,1.2,2.5,No,150,722,440
MCC (Micro Commercial Components),MCU110N06YB,Active,R H,Single,N,DPAK,60,±20,110,0.005,,,2,4,No,150,722,440
MCC (Micro Commercial Components),MCP90N12A,Active,R H,Single,N,TO-220AB(H),120,±20,90,0.009,0.011,,1,3,No,150,441,360
MCC (Micro Commercial Components),MCU65N10Y,Active,R H,Single,N,DPAK,100,±20,65,0.0086,0.0115,,1.3,2.5,No,150,169,260
MCC (Micro Commercial Components),MCU65N10YA,Active,R H,Single,N,DPAK,100,±20,65,0.0095,,,2,4,No,150,182,260
MCC (Micro Commercial Components),MCU20N06C,Active,R H,Single,N,DPAK,60,±20,20,0.037,0.048,,1,2.5,No,150,24,80
MCC (Micro Commercial Components),MCU05N20A,Active,R H,Single,N,DPAK,200,±20,5,0.6,,,2,4,No,150,64,20
MCC (Micro Commercial Components),MCU18N20A,Active,R H,Single,N,DPAK,200,±20,18,0.15,,,2,4,No,150,286,72
MCC (Micro Commercial Components),MCU40N04HE3,Active,A R H,Single,N,DPAK,40,±20,40,0.013,0.023,,1,2.5,No,150,49,100
MCC (Micro Commercial Components),MCU20N06BHE3,Active,A R H,Single,N,DPAK,60,±20,20,0.043,0.047,,1,2.5,No,150,42,60
MCC (Micro Commercial Components),MCU09N20A,Active,R H,Single,N,DPAK,200,±20,9,0.3,,,1,2,No,150,142,36
MCC (Micro Commercial Components),MCW200N10YA,Active,R H,Single,N,TO-247,100,±20,200,0.0027,,,2,4,No,175,705,800
MCC (Micro Commercial Components),MCU50N06A,Active,R H,Single,N,DPAK,60,±20,50,0.015,0.018,,1,2.5,No,150,72,120
MCC (Micro Commercial Components),MCT04N06,Active,R H,Single,N,SOT-223,60,±20,4,0.088,0.096,,0.9,2,No,150,,16
MCC (Micro Commercial Components),MCU60N06,Active,R H,Single,N,DPAK,60,±20,60,0.011,,,2,4,No,150,130,240
MCC (Micro Commercial Components),MCW220N10Y,Active,R H,Single,N,TO-247,100,±20,220,0.0024,,,2,4,No,175,902,880
MCC (Micro Commercial Components),MCU62N10YHE3,Active,A R H,Single,N,DPAK,100,±20,62,0.011,0.016,,1,2.5,No,175,75,248
MCC (Micro Commercial Components),MCU90N04YHE3,Active,A R H,Single,N,DPAK,40,±20,90,0.0031,,,2,4,No,175,175,360
MCC (Micro Commercial Components),MCPF180N65SH,Active,R H,Single,N,TO-220F,650,±30,8.8,0.186,,,2.5,4.5,No,150,138,35.2
MCC (Micro Commercial Components),MCPF065N15YH,Active,R H,Single,N,TO-220F,150,±20,15,0.065,,,2,4,No,150,6.6,60
MCC (Micro Commercial Components),MCW105N60FH,Active,R H,Single,N,TO-247,600,±30,30.6,0.114,,,3,5,No,150,42.25,122.4
MCC (Micro Commercial Components),MCW075N60FH,Active,R H,Single,N,TO-247,600,±30,41,0.078,,,3,5,No,150,132,164
MCC (Micro Commercial Components),MCW070N60SH,Active,R H,Single,N,TO-247,600,±30,38,0.07,,,2.5,4.5,No,150,56,152
