,,ESD Protection Devices,,,,,,,,,,,,,,
Manufacture,Product,Status,Compliance,Number of Functions,Configuration,Package Type,"Reverse
Standoff
Voltage
VRWM(V)","Peak Pulse
Current
IPP(A)","Max.
Clamping
Voltage
VC (V)","Junction
Capacitance
CJ(pF)","Peak Pluse
Power
Dissipation
PPPK (W)","Maximum
Reverse
Leakage
IR (uA)","Breakdown
Voltage
Min VBR(V)","Breakdown
Voltage
Max VBR(V)","Junction
Temperature
Tj [max] (°C)","VESDIEC61000-4-2
Air/Contact
(kV)"
,,,,,,,,,,,,,,,,
MCC (Micro Commercial Components),MMBZ12VAQ,Preferred,A R H,2,Unidirectional,SOT-23,12,2.35,17,113,40,0.2,11.4,12.6,150,±30
MCC (Micro Commercial Components),MMBZ5V6AQ,Preferred,A R H,2,Unidirectional,SOT-23,5.6,3,8,320,24,5,5.32,5.88,150,±30
MCC (Micro Commercial Components),MMBZ9V1AQ,Preferred,A R H,2,Unidirectional,SOT-23,9.1,1.7,14,183,24,0.3,8.65,9.56,150,±30
MCC (Micro Commercial Components),ESDSBULC24VLBQ,Preferred,A R H,1,Bidirectional,DFN1006-2,24,4,9,0.45,36,0.05,25,32,150,±15
MCC (Micro Commercial Components),ESDSBULC18VLBQ,Preferred,A R H,1,Bidirectional,DFN1006-2,18,4,9,0.45,36,0.05,18.5,,150,±15
MCC (Micro Commercial Components),ESDSBULC3V3LBQ,Preferred,A R H,1,Bidirectional,DFN1006-2,3.3,4,7,0.45,28,0.05,7,,150,±15
MCC (Micro Commercial Components),ESDSBLC24VT3BHE3,Preferred,A R H,2,Bidirectional,SOT-323,24,5,42,10.5,210,0.1,26,37,150,±30
MCC (Micro Commercial Components),ESDSBLC27VT3BHE3,Preferred,A R H,2,Bidirectional,SOT-323,27,5,48,9.5,240,0.1,29,38,150,±30/±20
MCC (Micro Commercial Components),ESDSBLC36VT3BHE3,Active,A R H,2,Bidirectional,SOT-323,36,4,60,8,240,0.1,37,49,150,±30
MCC (Micro Commercial Components),ESDSBLC24VT3B,Active,R H,2,Bidirectional,SOT-323,24,5,32,10,160,0.2,26.5,36,125,±30
MCC (Micro Commercial Components),SM712A,Active,R H,2,Asymmetric,SOT-23,12,17,20,30,340,1,13.3,16.5,150,±30
MCC (Micro Commercial Components),ESDULC5V0T2BHE3,Active,A R H,2,Bidirectional,SOT-23,5,4,25,0.4,100,0.1,5.8,9.5,150,±16
MCC (Micro Commercial Components),ESDSBLC24VT2B,Active,R H,2,Bidirectional,SOT-23,24,10,32,9,320,0.2,25,,125,±30
MCC (Micro Commercial Components),SM32B,Active,R H,2,Bidirectional,SOT-23,32,4.5,67,25,300,0.2,35.6,,125,±30
MCC (Micro Commercial Components),SM15BHE3,Active,A R H,2,Bidirectional,SOT-23,15,10,35,35,350,0.2,16.7,21,125,±30
MCC (Micro Commercial Components),ESDLC24VT2BHE3,Active,A R H,2,Bidirectional,SOT-23,24,5,36,10,180,0.05,25.5,35.5,150,±30
MCC (Micro Commercial Components),ESDSBLC24VT2BHE3,Active,A R H,2,Bidirectional,SOT-23,24,2.5,27,3.8,65,0.1,105,125,150,±30
MCC (Micro Commercial Components),SM712H,Active,R H,2,Asymmetric,SOT-23,12,36,28,75,1000,0.1,13.3,,125,±30
MCC (Micro Commercial Components),ESD24VT2BHE3,Active,A R H,2,Bidirectional,SOT-23,24,7,44,30,308,0.1,26.2,32,150,±30
MCC (Micro Commercial Components),HSM24BHE3,Active,A R H,2,Bidirectional,SOT-23,24,8,48,32,384,0.1,26.3,30.3,150,±30
MCC (Micro Commercial Components),ESD15VT2BHE3,Active,A R H,2,Bidirectional,SOT-23,15,9,30,26,270,0.5,16,19,150,±30
MCC (Micro Commercial Components),ESD27VT2BHE3,Active,A R H,2,Bidirectional,SOT-23,27,6,70,13,420,0.5,31,38,150,±30
MCC (Micro Commercial Components),ESD3V3T2BHE3,Active,A R H,2,Bidirectional,SOT-23,3.3,25,16,100,400,0.5,5,7,150,±30
MCC (Micro Commercial Components),ESD7V0T2BHE3,Active,A R H,2,Bidirectional,SOT-23,7,17,15,63,255,0.5,7.5,10,150,±30
MCC (Micro Commercial Components),ESD36VT2BHE3,Active,A R H,2,Bidirectional,SOT-23,36,5,90,30,450,0.5,38,48,150,±30
MCC (Micro Commercial Components),HSM24B,Active,R H,2,Bidirectional,SOT-23,24,13,34.5,15,450,0.2,25,,125,±30
MCC (Micro Commercial Components),ESD12VT2BHE3,Active,A R H,2,Bidirectional,SOT-23,12,10,30,35,300,0.1,13.5,16.7,150,±30
MCC (Micro Commercial Components),ESDHL24VT2B,Active,R H,2,Bidirectional,SOT-23,24,9,50,30,450,0.5,26,31,125,±30
MCC (Micro Commercial Components),LSM712,Active,R H,2,Asymmetric,SOT-23,12,12,20,25,240,0.5,13.3,,125,±30
MCC (Micro Commercial Components),ESD12VT2B,Active,R H,2,Bidirectional,SOT-23,12,10,30,35,250,0.5,13,17,150,±30
MCC (Micro Commercial Components),ESD15VT2B,Active,R H,2,Bidirectional,SOT-23,15,9,30,30,250,0.5,16,19,150,±30
MCC (Micro Commercial Components),ESD24VT2B,Active,R H,2,Bidirectional,SOT-23,24,7,44,20,250,0.5,26,32.2,150,±30
MCC (Micro Commercial Components),ESD27VT2B,Active,R H,2,Bidirectional,SOT-23,27,6,70,15,250,0.5,31,38,150,±30
MCC (Micro Commercial Components),ESD36VT2B,Active,R H,2,Bidirectional,SOT-23,36,5,90,13,250,0.5,38,48,150,±30
MCC (Micro Commercial Components),ESD3V3T2B,Active,R H,2,Bidirectional,SOT-23,3.3,25,16,100,250,0.5,5,6.9,150,±30
MCC (Micro Commercial Components),ESD7V0T2B,Active,R H,2,Bidirectional,SOT-23,7,17,15,65,250,0.5,7.5,9.6,150,±30
MCC (Micro Commercial Components),SM712,Active,R H,2,Asymmetric,SOT-23,12,13,25,45,400,1,13.3,,150,±30
MCC (Micro Commercial Components),SM05B,Active,R H,2,Bidirectional,SOT-23,5,20,15,80,300,1,6,,125,±30
MCC (Micro Commercial Components),SM15B,Active,R H,2,Bidirectional,SOT-23,15,8,35,25,300,0.2,17,,125,±30
MCC (Micro Commercial Components),SM3.3B,Active,R H,2,Bidirectional,SOT-23,3.3,25,10,100,350,1.5,4,6.5,150,±30
MCC (Micro Commercial Components),SM36B,Active,R H,2,Bidirectional,SOT-23,36,3,90,15,300,0.2,38,,125,±30
MCC (Micro Commercial Components),SM12B,Active,R H,2,Bidirectional,SOT-23,12,10,30,32,300,0.5,13.3,,125,±30
MCC (Micro Commercial Components),SR70,Active,R H,2,Unidirectional,SOT-143,70,24,7,10,168,5,85,,150,±15/±8
MCC (Micro Commercial Components),ESDA6V1-4L,Active,R,4,Bidirectional,SOT23-6L,5,6,14,20,80,0.2,6,,125,±30
MCC (Micro Commercial Components),LC03-3.3,Active,R H,2,Unidirectional,SOP-8,3.3,150,48,16,7200,0.5,3.5,,125,±30
MCC (Micro Commercial Components),ESDLC5V0PA6,Active,R H,6,Unidirectional,DFN4120-10,5,4,25,0.4,100,0.5,6,,125,±15/±8
MCC (Micro Commercial Components),CSPSLC3V3L,Active,R,1,Unidirectional,CSP1006-2,3.3,11,15,0.6,150,0.2,4,6,125,±30
MCC (Micro Commercial Components),ESDULC8V0AE2,Active,R H,1,Unidirectional,0201-A,8,4,25,0.3,100,0.2,8.5,,125,±20
MCC (Micro Commercial Components),ESDUSLC5V0AE2,Active,R H,1,Unidirectional,0201-A,5,5,15,0.8,75,0.5,6,,125,±25/±20
MCC (Micro Commercial Components),ESDSLC5V0L,Active,R H,1,Unidirectional,DFN1006-2,5,4,16,0.7,80,0.1,6,,125,±20
MCC (Micro Commercial Components),ESDULC7V0L,Active,R H,1,Unidirectional,DFN1006-2,7,2,13,0.2,26,0.2,8,,125,±25/±20
MCC (Micro Commercial Components),ESDLC3603P3,Active,R H,3,Unidirectional,DFN1616-6,5.5,5,20,0.5,100,0.5,6.5,,125,±25/±20
MCC (Micro Commercial Components),ESDL5V0L,Active,R H,1,Unidirectional,DFN1006-2,5,15,14,100,200,0.2,6,,125,±30
MCC (Micro Commercial Components),ESD24VL,Active,R H,1,Unidirectional,DFN1006-2,24,5,55,35,250,0.3,26,,125,±25/±20
MCC (Micro Commercial Components),ESD2451P6,Active,R H,1,Unidirectional,DFN1610-2,24,40,43,250,1800,1,24.7,,125,±30
MCC (Micro Commercial Components),ESD0552P6,Active,R H,1,Unidirectional,DFN1610-2,5,160,14,500,2400,1,5.2,7,125,±30
MCC (Micro Commercial Components),ESD1551P6,Active,R H,1,Unidirectional,DFN1610-2,15,60,30,380,1800,1,15.5,18,125,±30
MCC (Micro Commercial Components),ESD1251P6,Active,R H,1,Unidirectional,DFN1610-2,12,75,22,510,1800,1,12.8,14.6,125,±30
MCC (Micro Commercial Components),ESD1851P6,Active,R H,1,Unidirectional,DFN1610-2,18,50,35,310,1800,1,19.2,22.5,125,±30
MCC (Micro Commercial Components),ESD1051P6,Active,R H,1,Unidirectional,DFN1610-2,10,86,20,650,1800,1,10.7,12.3,125,±30
MCC (Micro Commercial Components),ESD0751P6,Active,R H,1,Unidirectional,DFN1610-2,7,100,17,900,1800,1,8,10,125,±30
MCC (Micro Commercial Components),CSPH12VL,Active,R,1,Unidirectional,CSP1006-2,12,45,32,150,1300,1,13,16.5,125,±30
MCC (Micro Commercial Components),CSP5V0L,Active,R,1,Unidirectional,CSP1006-2,5,50,10.5,130,500,0.5,5.8,8,125,±30
MCC (Micro Commercial Components),CSPH7V0L,Active,R,1,Unidirectional,CSP1006-2,7,45,15,185,700,0.5,8,,125,±30
MCC (Micro Commercial Components),ESD12VL,Active,R H,1,Unidirectional,DFN1006-2,12,12,25,60,300,0.1,13.3,,125,±30
MCC (Micro Commercial Components),ESD12VLB,Active,R H,1,Bidirectional,DFN1006-2,12,14,25,50,350,0.1,13.3,,125,±30
MCC (Micro Commercial Components),ESDLC3V3LB,Active,R H,1,Bidirectional,DFN1006-2,3.3,1,11,3.1,20,0.1,4.3,6.8,125,±30
MCC (Micro Commercial Components),ESD24VLB,Active,R H,1,Bidirectional,DFN1006-2,24,5,40,20,300,0.1,27,,125,±30/±25
MCC (Micro Commercial Components),ESDULC1610LB,Active,R H,1,Asymmetric,DFN1006-2,16,16,23,0.3,50,0.5,15.6,,125,±20/±15
MCC (Micro Commercial Components),ESDSLC3V3LB,Active,R H,1,Bidirectional,DFN1006-2,3.3,5,20,0.3,100,0.05,5,,125,±20/±25
MCC (Micro Commercial Components),ESDLC12VLB,Active,R H,1,Bidirectional,DFN1006-2,12,5,20,7,100,0.2,13.3,,125,±30
MCC (Micro Commercial Components),ESD0512LB,Active,R H,1,Asymmetric,DFN1006-2,"12, 5",10,20,40,200,0.2,"13, 6","17, 10",125,±30
MCC (Micro Commercial Components),ESD7V0LB,Active,R H,1,Bidirectional,DFN1006-2,7,5,16,15,80,0.2,7.5,,125,±30
MCC (Micro Commercial Components),ESD1V8LB,Active,R H,1,Bidirectional,DFN1006-2,1.8,12,8.5,30,100,0.2,2.5,,125,±30
MCC (Micro Commercial Components),ESDH1V8LB,Active,R H,1,Bidirectional,DFN1006-2,1.8,38,8,80,300,0.2,2.5,,125,±30
MCC (Micro Commercial Components),ESDLC15VLB,Active,R H,1,Bidirectional,DFN1006-2,15,6,25,5,150,0.2,16.2,,125,±30
MCC (Micro Commercial Components),ESDSLC12VLB,Active,R H,1,Bidirectional,DFN1006-2,12,2.5,32,0.5,80,0.2,13.5,,125,±25/±20
MCC (Micro Commercial Components),ESDL3V3LB,Active,R H,1,Bidirectional,DFN1006-2,3.3,8,10,20,80,0.05,3.5,6.5,125,±30
MCC (Micro Commercial Components),ESDULC5V0LB,Active,R H,1,Bidirectional,DFN1006-2,5,2,12.5,3,25,0.2,6,,125,±20
MCC (Micro Commercial Components),ESDSLC5V0AE2,Active,R H,1,Bidirectional,0201-A,5,5,25,0.32,125,0.1,6.5,9.5,125,±20
MCC (Micro Commercial Components),ESDLC3V3AE2,Active,R H,1,Bidirectional,0201-A,3.3,3,10,3,30,0.2,4.3,,125,±30/±28
MCC (Micro Commercial Components),ESDULC5V0AE2,Active,R H,1,Bidirectional,0201-A,5,1,11,3,11,0.1,6,,125,±15/±8
MCC (Micro Commercial Components),ESDLC5V0AE2,Active,R H,1,Bidirectional,0201-A,5,8,15,15,120,0.1,6,9,125,±15/±8
MCC (Micro Commercial Components),ESDPLC5V0AE2,Active,R H,1,Bidirectional,0201-A,5.5,3,15,0.2,40,0.05,6,9,150,±20
MCC (Micro Commercial Components),ESDLC12VAE2,Active,R H,1,Bidirectional,0201-A,12,5,20,10,100,0.2,13.3,,125,±30
MCC (Micro Commercial Components),ESDLC7V0AE2,Active,R H,1,Bidirectional,0201-A,7,6,17,15,100,0.2,7.5,,125,±30
MCC (Micro Commercial Components),ESD0571P6,Active,R H,1,Unidirectional,DFN1610-2,5,125,15,960,1875,1,6,,125,±30
MCC (Micro Commercial Components),ESD0771P6,Active,R H,1,Unidirectional,DFN1610-2,7,115,16.5,550,1875,0.5,7.5,,125,±30
MCC (Micro Commercial Components),ESD1271P6,Active,R H,1,Unidirectional,DFN1610-2,12,75,25,500,1875,0.1,12.6,,125,±30
MCC (Micro Commercial Components),ESD2471P6,Active,R H,1,Unidirectional,DFN1610-2,24,35,53.5,200,1875,0.1,26.7,,125,±30
MCC (Micro Commercial Components),ESD15VL,Active,R H,1,Unidirectional,DFN1006-2,15,10,30,65,300,0.5,16.7,20,125,±30
MCC (Micro Commercial Components),ESD7V0L,Active,R H,1,Unidirectional,DFN1006-2,7,18,17,90,300,0.5,7.5,,150,±30
MCC (Micro Commercial Components),ESD3V3L,Active,R H,1,Unidirectional,DFN1006-2,3.3,20,15,250,300,1,4.2,6,125,±30
MCC (Micro Commercial Components),ESDLC3V3L,Active,R H,1,Unidirectional,DFN1006-2,3.3,10,15,20,150,0.5,3.5,,125,±30
MCC (Micro Commercial Components),SRV33-4S,Active,R,4,Unidirectional,SOT23-6L,3.3,11,11,0.9,100,0.5,3.6,7,125,±20/±15
MCC (Micro Commercial Components),SRV33-4H,Active,R,4,Unidirectional,SOT23-6L,3.3,50,12,2,600,0.5,4.5,7,125,±30
MCC (Micro Commercial Components),SRV05-4A,Active,R,4,Unidirectional,SOT23-6L,5,12,25,3,300,5,6,,150,±15/±8
MCC (Micro Commercial Components),PSRV05-4,Active,R,4,Unidirectional,SOT23-6L,5,25,20,4,500,1,6,,150,±15/±8
MCC (Micro Commercial Components),SRV33-4L,Active,R,4,Unidirectional,SOT23-6L,3.3,22,14,5,300,0.5,3.5,5.3,125,±30
MCC (Micro Commercial Components),ESDLC0504P3,Active,R H,3,Unidirectional,DFN1616-6,5.5,5,12,0.4,60,0.5,6.5,,125,±30/±25
MCC (Micro Commercial Components),ESDSLC0524F,Active,R H,4,Unidirectional,DFN2510-10,5,5,16,0.6,80,0.9,6.1,9.6,150,±25/±20
MCC (Micro Commercial Components),ESDSBULC3304P5,Active,R H,4,Unidirectional,DFN2510-10,3.3,5,10,0.3,50,0.1,5,8.5,125,±30
MCC (Micro Commercial Components),ESDULC3324P5,Active,R H,4,Unidirectional,DFN2510-10,3.3,3,13,0.28,40,0.5,5.5,7.5,125,±25/±20
MCC (Micro Commercial Components),ESDULC0524P5,Active,R H,4,Unidirectional,DFN2510-10,5,4.5,12,0.45,54,0.1,7,9.5,125,±20
MCC (Micro Commercial Components),SM3.3,Active,R H,2,Unidirectional,SOT-23,3.3,18,20,200,360,1.5,5.2,6,125,±17/±20
MCC (Micro Commercial Components),SM36,Active,R H,2,Unidirectional,SOT-23,36,3,80,30,240,1,40,48,125,±12
MCC (Micro Commercial Components),SM3.3H,Active,R H,2,Unidirectional,SOT-23,3.3,40,12.5,260,500,0.5,3.5,,125,±30
MCC (Micro Commercial Components),SM22,Active,R H,2,Unidirectional,SOT-23,22,3,44,80,300,1,27,,125,±15/±8
MCC (Micro Commercial Components),ESDSLC5V0T2,Active,R H,2,Unidirectional,SOT-23,5,5,20,0.4,100,0.5,6,,150,±20/±15
MCC (Micro Commercial Components),ESDLC2504P8,Active,R H,4,Unidirectional,DFN2626-10,2.5,35,15,5,375,0.2,2.7,,125,±30
MCC (Micro Commercial Components),ESDLC3304P8,Active,R H,4,Unidirectional,DFN2626-10,3.3,25,18,2,450,0.5,3.5,,125,±25/±15
MCC (Micro Commercial Components),ESDSBLC15VLB,Active,R H,1,Bidirectional,DFN1006-2,15,6,23,5,140,0.1,15.5,20,125,±30
MCC (Micro Commercial Components),CSP5V0WB,Active,R,1,Bidirectional,CSP01005,5,14,9,25,115,0.2,5.5,8,125,±30
MCC (Micro Commercial Components),ESDLC5V0L2B,Active,R H,1,Bidirectional,DFN1006-2L,5,5,15,15,75,0.5,5.6,,150,±30
MCC (Micro Commercial Components),ESDHSB3V3LBHE3,Active,A R H,1,Bidirectional,DFN1006-2L,3.3,14,10,50,140,1,3.7,5,150,±30
MCC (Micro Commercial Components),ESDHSB5V0LBHE3,Active,A R H,1,Bidirectional,DFN1006-2L,5,11,11,40,121,1,5.7,8,150,±30
MCC (Micro Commercial Components),ESDULC3V3LBHE3,Active,A R H,1,Bidirectional,DFN1006-2L,3.3,4,20,0.65,80,0.1,4.8,7,150,±16
MCC (Micro Commercial Components),ESD12VLBHE3,Active,A R H,1,Bidirectional,DFN1006-2L,12,5,30,12,150,0.5,13.5,16.5,150,±30
MCC (Micro Commercial Components),ESD15VLBHE3,Active,A R H,1,Bidirectional,DFN1006-2L,15,4,35,10,140,0.5,15.5,19.5,150,±30
MCC (Micro Commercial Components),ESD24VLBHE3,Active,A R H,1,Bidirectional,DFN1006-2L,24,3.5,45,8.5,150,0.5,25.5,29.5,150,±30
MCC (Micro Commercial Components),ESD27VLBHE3,Active,A R H,1,Bidirectional,DFN1006-2L,27,2.5,75,6.5,180,0.5,31,38,150,±30
MCC (Micro Commercial Components),ESD36VLBHE3,Active,A R H,1,Bidirectional,DFN1006-2L,36,2.5,80,6,200,0.5,38,48,150,±30
MCC (Micro Commercial Components),ESD7V0LBHE3,Active,A R H,1,Bidirectional,DFN1006-2L,7,6,15,23,90,0.5,7.5,10.5,150,±30
MCC (Micro Commercial Components),ESDHSB5V0LB,Active,R H,1,Bidirectional,DFN1006-2,5,75,11.5,230,860,1,5.3,,125,±30
MCC (Micro Commercial Components),ESDLC0502P6,Active,R H,2,Unidirectional,DFN1610-6,5,5,15,0.8,75,0.5,6,,125,±30/±25
MCC (Micro Commercial Components),CSPSBULC3V3P6,Active,R H,2,Bidirectional,CSP1610-6,3.3,12,16.5,0.5,200,0.05,3.8,6,125,±30
MCC (Micro Commercial Components),ESDSLC5V0LTB,Active,R H,2,Unidirectional,DFN1006-3,5,5,15,0.8,75,0.1,6.4,,125,±25/±20
MCC (Micro Commercial Components),SRL05P7,Active,R H,4,Unidirectional,DFN1510-6,5,5,17,0.8,90,0.9,6.1,9.6,150,±20/±15
MCC (Micro Commercial Components),SRL05,Active,R,4,Unidirectional,SOT23-6L,5,5,17,0.8,90,0.9,6.1,9.6,150,±20/±15
MCC (Micro Commercial Components),ESDU5V0M5,Active,R H,4,Unidirectional,SOT-563,5,3.5,25,0.8,90,1,6,10,150,±25
MCC (Micro Commercial Components),ESDL5V0T2B,Active,R H,2,Bidirectional,SOT-23,5,2,14,5,28,0.2,5.6,9.5,125,±15/±8
MCC (Micro Commercial Components),SM24BHE3,Active,A R H,2,Bidirectional,SOT-23,24,5,60,15,300,0.2,27,,125,±30
MCC (Micro Commercial Components),ESDSB5V0T2BHE3,Active,A R H,2,Bidirectional,SOT-23,5,24,17,100,400,1,6,7.5,150,±30
MCC (Micro Commercial Components),SM24B,Active,R H,2,Bidirectional,SOT-23,24,5,60,15,300,0.2,27,,125,±30
MCC (Micro Commercial Components),ESDLSB5V0LTBA,Active,R H,2,Bidirectional,DFN1006-3B,5,8,12,20,96,0.1,5.3,,125,±30
MCC (Micro Commercial Components),ESDSBL5V0LTB,Active,R H,2,Bidirectional,DFN1006-3,5,8,12,11,96,0.1,5.3,,125,±30
MCC (Micro Commercial Components),ESD4V5P4,Active,R H,1,Unidirectional,DFN2020-3L,4.5,280,18,680,5000,2,4.8,,125,±30
MCC (Micro Commercial Components),ESD7V0P4,Active,R H,1,Unidirectional,DFN2020-3L,7.5,275,22,1500,6000,1,8,,125,±30
MCC (Micro Commercial Components),ESD12VP4,Active,R H,1,Unidirectional,DFN2020-3L,12,200,30,550,6000,1,13,,125,±30
MCC (Micro Commercial Components),ESD1051P4,Active,R H,1,Unidirectional,DFN2020-3L,10,205,21,2600,4500,1,10.5,12.5,125,±30
MCC (Micro Commercial Components),ESD2451P4,Active,R H,1,Unidirectional,DFN2020-3L,24,120,38,1000,4500,0.1,24.5,28,125,±30
MCC (Micro Commercial Components),ESD1851P4,Active,R H,1,Unidirectional,DFN2020-3L,18,150,33,1200,4500,0.1,18.5,21,125,±30
MCC (Micro Commercial Components),ESD1251P4,Active,R H,1,Unidirectional,DFN2020-3L,12,200,24,2000,4500,0.1,12.5,15,125,±30
MCC (Micro Commercial Components),ESD1551P4,Active,R H,1,Unidirectional,DFN2020-3L,15,160,28,1500,4500,0.1,15.5,18,125,±30
MCC (Micro Commercial Components),ESDHC36VP4,Active,R H,1,Unidirectional,DFN2020-3L,36,75,65,470,4875,1,36.8,,125,±30
MCC (Micro Commercial Components),ESDHHC12VP4,Active,R H,1,Unidirectional,DFN2020-3L,12,200,27,1400,5000,1,12.5,15.5,125,±30
MCC (Micro Commercial Components),ESDHHC15VP4,Active,R H,1,Unidirectional,DFN2020-3L,15,180,30,1200,5000,1,15.5,19,125,±30
MCC (Micro Commercial Components),ESDHC12VP4,Active,R H,1,Unidirectional,DFN2020-3L,12,200,24,1080,5000,0.5,12.8,15,125,±30
MCC (Micro Commercial Components),ESDHC15VP4,Active,R H,1,Unidirectional,DFN2020-3L,15,170,35,1050,5000,0.5,16,19,125,±30
MCC (Micro Commercial Components),ESDHC18VP4,Active,R H,1,Unidirectional,DFN2020-3L,18,150,38,950,5000,0.5,19,22,125,±30
MCC (Micro Commercial Components),ESDHC24VP4,Active,R H,1,Unidirectional,DFN2020-3L,24,120,60,800,5000,0.5,25,30,125,±30
MCC (Micro Commercial Components),ESD4V5P4B,Active,R H,1,Bidirectional,DFN2020-3L,4.5,300,20,350,6000,1,4.8,,125,±30
MCC (Micro Commercial Components),ESDLC3V3D5,Active,R H,1,Unidirectional,SOD-523,3.3,11,14.5,20,155,0.1,3.5,,125,±30
MCC (Micro Commercial Components),ESDSLC5V0D5,Active,R H,1,Unidirectional,SOD-523,5,5,16,0.7,80,0.5,6,,125,±25
MCC (Micro Commercial Components),ESDSLC5V0LU,Active,R H,1,Unidirectional,DFN1006-2,5,5,15,0.8,75,0.5,5.4,6.5,125,±25/±20
MCC (Micro Commercial Components),ESDLC0554P3,Active,R H,4,Unidirectional,DFN1616-6L,5.5,11,22,2,240,0.1,6,7.8,125,±30
MCC (Micro Commercial Components),ESD0551P1,Active,R H,1,Unidirectional,DFN1608-2,5,80,15,700,1200,1,6,,125,±30
MCC (Micro Commercial Components),ESD1531P1,Active,R H,1,Unidirectional,DFN1608-2,15,20,35,100,700,0.5,16.5,,125,±30
MCC (Micro Commercial Components),ESD24VP1,Active,R H,1,Unidirectional,DFN1608-2,24,20,48,120,960,0.5,26,,125,±30
MCC (Micro Commercial Components),ESDHC12VP1,Active,R H,1,Unidirectional,DFN1608-2,12,45,22,260,990,0.5,12,,125,±30
MCC (Micro Commercial Components),ESD5V0PW,Active,R H,4,Unidirectional,DFN1308-5,5,3,12,0.45,36,0.1,6.5,9,125,±20/±15
MCC (Micro Commercial Components),ESDLC3304P9,Active,R H,4,Unidirectional,DFN3020-10,3.3,40,25,5,1000,0.5,3.5,,125,±30
MCC (Micro Commercial Components),ESDSBLC24VAE2,Active,R H,1,Bidirectional,0201-A,24,4,9,0.5,36,0.05,25,,125,±15
MCC (Micro Commercial Components),ESDSBSLC5V0AE2,Active,R H,1,Bidirectional,0201-A,5,4,14,0.5,44,0.05,6,,125,±15
MCC (Micro Commercial Components),ESDSBSLC18VAE2,Active,R H,1,Bidirectional,0201-A,18,4,10,0.5,34,0.05,18.5,,125,±18
MCC (Micro Commercial Components),ESDSBSLC3V3AE2,Active,R H,1,Bidirectional,0201-A,3.3,4,8.5,0.5,34,0.05,7,,125,±30
MCC (Micro Commercial Components),ESDHSBLC5V0LB,Active,R H,1,Bidirectional,DFN1006-2,5,15,14,1.55,210,0.05,6,,125,±30
MCC (Micro Commercial Components),ESDSBPLC3V3LB,Active,R H,1,Bidirectional,DFN1006-2,3.3,7,7.5,0.8,53,0.05,7,,125,±30
MCC (Micro Commercial Components),ESDSBULC5V0LB,Active,R H,1,Bidirectional,DFN1006-2,5,7,12,1,84,0.05,6,,125,±30
MCC (Micro Commercial Components),ESDSBSLC18VLB,Active,R H,1,Bidirectional,DFN1006-2,18,4,10,0.5,40,0.05,18.5,,125,±15
MCC (Micro Commercial Components),ESDSBSLC3V3LB,Active,R H,1,Bidirectional,DFN1006-2,3.3,4,8.5,0.5,34,0.05,7,,125,±30
MCC (Micro Commercial Components),ESDSBSLC5V0D3B,Active,R H,1,Bidirectional,SOD-323,5,7,11,0.8,77,0.05,6,,125,±30
MCC (Micro Commercial Components),ESD4571P6,Active,R H,1,Unidirectional,DFN1610-2,4.5,180,18,400,3200,0.2,4.8,,125,±30
MCC (Micro Commercial Components),SRV05-4D,Active,R,4,Unidirectional,SOT23-6L,5,6,12,0.8,72,0.1,7,9,125,±30
MCC (Micro Commercial Components),ESDLC0524P3,Active,R H,4,Unidirectional,DFN1616-6,5,17,14,1.3,230,0.1,6.5,9,125,±30
MCC (Micro Commercial Components),SRV05-4E,Active,R,4,Unidirectional,SOT23-6L,5,4.5,12,0.4,54,0.1,7,9,125,±25
MCC (Micro Commercial Components),ESDULC0534P5,Active,R H,4,Bidirectional,DFN2510-10,5,3,15,0.15,45,0.5,6,9,125,±20
MCC (Micro Commercial Components),ESDSBULC0104DFN10,Active,R H,4,Unidirectional,DFN-10,1.5,7,8,0.4,56,0.2,6,10,125,±15
MCC (Micro Commercial Components),ESDSBULC0504DFN10,Active,R H,4,Unidirectional,DFN-10,5,7,8,0.4,56,0.2,6,10,125,±15
MCC (Micro Commercial Components),ESDSBULC3304DFN10,Active,R H,4,Unidirectional,DFN-10,3.3,7,8,0.4,56,0.2,6,10,125,±15
MCC (Micro Commercial Components),ESDSBULC3304DFN10B,Active,R H,4,Bidirectional,DFN-10,3.3,7,8,0.22,56,0.2,6,10,125,±15
MCC (Micro Commercial Components),ESDSBULC0504DFN10B,Active,R H,4,Bidirectional,DFN-10,5,7,8,0.22,56,0.2,6,10,125,±15
MCC (Micro Commercial Components),ESDSBULC0104DFN10B,Active,R H,4,Bidirectional,DFN-10,1.5,7,8,0.22,56,0.2,6,10,125,±15
MCC (Micro Commercial Components),ESDSBLC2424P5,Active,R H,4,Bidirectional,DFN2510-10,24,5,32,6,160,0.2,26.5,36,125,±30
MCC (Micro Commercial Components),ESDSBLC2424P5WFHE3,Active,A R H,4,Bidirectional,DFN2510-10(SWF),24,5,35,6,170,0.2,26.5,36,125,±30
MCC (Micro Commercial Components),ESDSBLC24VPUBWFHE3,Active,A R H,2,Bidirectional,DFN1110-3(SWF),24,5,34,5,170,0.2,26.5,,125,±30
MCC (Micro Commercial Components),ESDULC5V0PUBWFHE3,Active,A R H,2,Bidirectional,DFN1110-3(SWF),5,4,14,0.3,56,0.2,6,,125,±30
MCC (Micro Commercial Components),ESDULC5V0PHWF,Active,R H,4,Bidirectional,DFN2010-5(SWF),5,3,20,0.3,50,0.2,6,,125,±15/±8
MCC (Micro Commercial Components),ESDHHC24VP4,Active,R H,1,Unidirectional,DFN2020-3L,24,220,33,750,7260,1,25.5,29,125,±30
MCC (Micro Commercial Components),ESDULC3V3PRB,Active,R H,8,Unidirectional,DFN5515-18,3.3,3,15,0.25,45,0.2,3.5,,125,±20
MCC (Micro Commercial Components),ESDULC5V0PA6,Active,R H,6,Unidirectional,DFN4120-10,5,5,16,0.4,80,0.5,6,,125,±25/±20
MCC (Micro Commercial Components),ESDSBSLC3V3LT,Active,R H,2,Unidirectional,DFN1006-3B,3.3,13,5,1,65,0.2,3.5,,125,±30
MCC (Micro Commercial Components),ESDSBSLC5V0LT,Active,R H,2,Unidirectional,DFN1006-3B,5,13,5,0.65,65,0.2,6,,125,±30
MCC (Micro Commercial Components),LSR05,Active,R H,3,Unidirectional,SOT-143,5,5,12,0.4,90,0.5,6,,125,±30
MCC (Micro Commercial Components),SR05,Active,R H,3,Unidirectional,SOT-143,5,25,20,6,500,0.5,6,,125,±30
MCC (Micro Commercial Components),ESDSLC5V0S3,Active,R H,5,Unidirectional,SOT-363,5,5,15,0.6,75,0.5,6,9.8,125,±25/±20
MCC (Micro Commercial Components),SM05,Active,R H,2,Unidirectional,SOT-23,5,12,9.8,110,300,10,6.2,7.3,150,±15/±8
MCC (Micro Commercial Components),SM12,Active,R H,2,Unidirectional,SOT-23,12,11.2,19,60,300,1,13.3,15.75,150,±15/±8
MCC (Micro Commercial Components),ESD3V3AP,Active,R H,2,Unidirectional,SOT-23,3.3,13.3,7.5,150,300,10,5,5.9,150,±15/±8
MCC (Micro Commercial Components),SM15H,Active,R H,2,Unidirectional,SOT-23,15,20,32,45,500,0.2,16.7,,125,±30
MCC (Micro Commercial Components),HSM05,Active,R H,2,Unidirectional,SOT-23,5,23,14,160,320,0.5,6,,125,±30
MCC (Micro Commercial Components),ESD12VT2HE3,Active,A R H,2,Unidirectional,SOT-23,12,10,28,70,280,1,13.1,16.5,150,±30
MCC (Micro Commercial Components),ESD15VT2HE3,Active,A R H,2,Unidirectional,SOT-23,15,8,35,55,280,1,16.1,19,150,±30
MCC (Micro Commercial Components),ESD24VT2HE3,Active,A R H,2,Unidirectional,SOT-23,24,7,44,50,300,1,26.7,,150,±30
MCC (Micro Commercial Components),ESD36VT2HE3,Active,A R H,2,Unidirectional,SOT-23,36,5,75,35,350,1,40,44.5,150,±30
MCC (Micro Commercial Components),ESD5V0T2HE3,Active,A R H,2,Unidirectional,SOT-23,5,20,15,160,300,1,6.2,7.5,150,±30
MCC (Micro Commercial Components),MMBZ27VAHE3,Active,A R H,2,Unidirectional,SOT-23,22,1,40,,40,0.05,25.65,28.35,150,±30
MCC (Micro Commercial Components),MMBZ20VAHE3,Active,A R H,2,Unidirectional,SOT-23,17,1.4,28,,40,0.05,19,21,150,±30
MCC (Micro Commercial Components),ESDULC5V0T2,Active,R H,2,Unidirectional,SOT-23,5,3.5,12,0.65,42,0.1,7,9,125,±20
MCC (Micro Commercial Components),ESDH12VT2,Active,R H,2,Unidirectional,SOT-23,12,25,26,110,650,0.1,13,17,125,±30
MCC (Micro Commercial Components),ESD12VT2,Active,R H,2,Unidirectional,SOT-23,12,10,28,55,280,1,13,17,150,±30
MCC (Micro Commercial Components),ESD15VT2,Active,R H,2,Unidirectional,SOT-23,15,9,38,45,342,1,15.5,19,150,±30
MCC (Micro Commercial Components),ESD24VT2,Active,R H,2,Unidirectional,SOT-23,24,7,44,36,308,1,26,30,150,±30
MCC (Micro Commercial Components),ESD36VT2,Active,R H,2,Unidirectional,SOT-23,36,5,75,24,375,1,39,45,150,±30
MCC (Micro Commercial Components),ESD5V0T2,Active,R H,2,Unidirectional,SOT-23,5,20,15,140,300,1,6,7.5,150,±30
MCC (Micro Commercial Components),MMBZ15VAQ,Active,A R H,2,Unidirectional,SOT-23,12,1.9,21,95,40,0.05,14.25,15.75,150,±30
MCC (Micro Commercial Components),MMBZ16VAQ,Active,A R H,2,Unidirectional,SOT-23,13,1.7,23,89,40,0.05,15.2,16.8,150,±30
MCC (Micro Commercial Components),MMBZ18VAQ,Active,A R H,2,Unidirectional,SOT-23,14.5,1.6,25,79,40,0.05,17.1,18.9,150,±30
MCC (Micro Commercial Components),MMBZ33VAQ,Active,A R H,2,Unidirectional,SOT-23,26,0.87,47,48,40,0.05,31.35,35.65,150,±30
MCC (Micro Commercial Components),MMBZ12VA,Active,R H,2,Unidirectional,SOT-23,8.5,2.35,17,114,40,0.05,11.3,13,150,±30
MCC (Micro Commercial Components),MMBZ15VA,Active,R H,2,Unidirectional,SOT-23,12,1.9,21,95,40,0.05,14.25,15.75,150,±30
MCC (Micro Commercial Components),MMBZ16VA,Active,R H,2,Unidirectional,SOT-23,13,1.7,23,90,40,0.05,15.2,16.8,150,±30
MCC (Micro Commercial Components),MMBZ18VA,Active,R H,2,Unidirectional,SOT-23,14.5,1.6,25,80,40,0.05,17,18.9,150,±30
MCC (Micro Commercial Components),MMBZ20VA,Active,R H,2,Unidirectional,SOT-23,17,1.4,28,77,40,0.05,19,21,150,±30
MCC (Micro Commercial Components),MMBZ27VA,Active,R H,2,Unidirectional,SOT-23,22,1,40,70,40,0.05,25.65,28.35,150,±30
MCC (Micro Commercial Components),MMBZ33VA,Active,R H,2,Unidirectional,SOT-23,26,0.87,46,50,40,0.05,31.35,34.55,150,±30
MCC (Micro Commercial Components),MMBZ39VA,Active,R H,2,Unidirectional,SOT-23,31.2,0.76,53,42,38,0.05,36,42,150,±30
MCC (Micro Commercial Components),MMBZ47VA,Active,R H,2,Unidirectional,SOT-23,38,0.74,54,36,40,0.05,44.65,49.35,150,±30
MCC (Micro Commercial Components),MMBZ5V6A,Active,R H,2,Unidirectional,SOT-23,3,3,8,315,24,5,5.32,5.88,150,±30
MCC (Micro Commercial Components),MMBZ6V2A,Active,R H,2,Unidirectional,SOT-23,3,2.76,8.7,275,24,0.5,5.89,6.51,150,±30
MCC (Micro Commercial Components),MMBZ6V8A,Active,R H,2,Unidirectional,SOT-23,4.5,2.5,9.6,250,24,0.5,6.46,7.14,150,±30
MCC (Micro Commercial Components),MMBZ9V1A,Active,R H,2,Unidirectional,SOT-23,6,1.7,14,185,24,0.3,8.65,9.56,150,±30
MCC (Micro Commercial Components),ESD1V8AE2,Active,R H,1,Bidirectional,0201-A,1.8,12,8.5,30,100,0.2,2.5,,125,±30
MCC (Micro Commercial Components),ESDSBL5V0AE2,Active,R H,1,Bidirectional,0201-A,5,8,12,13,96,0.1,6,,125,±30
MCC (Micro Commercial Components),ESDSB5V5AE2,Active,R H,1,Bidirectional,0201-A,5.5,6,12,13,72,0.1,6.1,,125,±30
MCC (Micro Commercial Components),ESDSBLC3V3AE2,Active,R H,1,Bidirectional,0201-A,3.3,9,10,13,90,0.1,3.5,,125,±30
MCC (Micro Commercial Components),ESDSLC24VAE2,Active,R H,1,Bidirectional,0201-A,24,1.5,53,0.3,80,0.5,,,125,±15/±8
MCC (Micro Commercial Components),ESDSB2V5AE2,Active,R H,1,Bidirectional,0201-A,2.5,10,10,25,100,0.1,,,125,±30
MCC (Micro Commercial Components),ESDULC3V6AE2,Active,R H,1,Bidirectional,0201-A,3.6,2.5,14,0.25,35,0.2,5,,125,±20
MCC (Micro Commercial Components),ESDSB7V0AE2,Active,R H,1,Bidirectional,0201-A,7,6,14,13,84,0.1,7.2,10.5,125,±30
MCC (Micro Commercial Components),ESDSBLC15VAE2,Active,R H,1,Bidirectional,0201-A,15,6,23,7,140,0.1,15.5,20,125,±30
MCC (Micro Commercial Components),ESDLSB5V0AE2,Active,R H,1,Bidirectional,0201-A,5,6,10,18,55,0.5,6,,125,±30
MCC (Micro Commercial Components),ESDSBULC5V0AE2,Active,R H,1,Bidirectional,0201-A,5,13,10,0.5,130,0.2,6,,85,±30
MCC (Micro Commercial Components),ESDSBULC3V3AE2,Active,R H,1,Bidirectional,0201-A,3.3,10,9.6,0.55,96,0.5,4,,125,±30
MCC (Micro Commercial Components),ESDL3V3AE2,Active,R H,1,Bidirectional,0201-A,3.3,8,11,16,80,0.2,3.6,5,125,±30
MCC (Micro Commercial Components),ESDLSBULC5V0AE2,Active,R H,1,Bidirectional,0201-A,5,5.5,10,0.35,55,0.2,5.8,9.5,125,±30
MCC (Micro Commercial Components),ESDSB8V0AE2,Active,R H,1,Bidirectional,0201-A,8,12,16,15,192,0.1,8.8,13,125,±30
MCC (Micro Commercial Components),ESDHLC12VAE2,Active,R H,1,Bidirectional,0201-A,12,10,22,13,242,0.1,13,,125,±30
MCC (Micro Commercial Components),ESDHSBSLC3V3AE2,Active,R H,1,Bidirectional,0201-A,3.3,10,5,0.6,50,0.2,3.5,,125,±30
MCC (Micro Commercial Components),ESDH3V3AE2,Active,R H,1,Bidirectional,0201-A,3.3,20,8.5,35,170,0.1,3.5,,125,±30
MCC (Micro Commercial Components),ESDSBLC8V0AE2,Active,R H,1,Bidirectional,0201-A,8,4,18,5,70,0.2,9,,125,±30
MCC (Micro Commercial Components),ESDLC18VAE2,Active,R H,1,Bidirectional,0201-A,18,2.5,44,8,110,0.2,19.5,,125,±20
MCC (Micro Commercial Components),ESDLSBLC24VAE2,Active,R H,1,Bidirectional,0201-A,24,5,36,5,180,0.2,27,,125,±30
MCC (Micro Commercial Components),ESDULC12VAE2,Active,R H,1,Bidirectional,0201-A,12,3,33,0.2,100,0.2,13.3,,125,±25/±22
MCC (Micro Commercial Components),ESDULC7V0AE2,Active,R H,1,Bidirectional,0201-A,7,2.5,15,0.2,37.5,0.2,8.5,,125,±25/±20
MCC (Micro Commercial Components),ESDSBLC5V5AE2,Active,R H,1,Bidirectional,0201-A,5.5,6,12,9,70,0.2,6,8,125,±30
MCC (Micro Commercial Components),ESDSLC5V0L2B,Active,R H,1,Bidirectional,DFN1006-2L,5.5,3,15,0.2,40,0.05,6.1,8.8,150,±20
MCC (Micro Commercial Components),ESDLC12VLBHE3,Active,A R H,1,Bidirectional,DFN1006-2L,12,5,20,10,100,0.2,13.3,,150,±30
MCC (Micro Commercial Components),ESDLC8V0LBHE3,Active,A R H,1,Bidirectional,DFN1006-2L,8,8,18,10,140,0.2,9,,150,±30
MCC (Micro Commercial Components),ESDLC5V0LBHE3,Active,A R H,1,Bidirectional,DFN1006-2L,5,8,10,15,80,0.1,6,8,150,±30
MCC (Micro Commercial Components),ESDL3V3LBHE3,Active,A R H,1,Bidirectional,DFN1006-2L,3.3,8,9,25,60,0.1,4.5,6.5,150,±30
MCC (Micro Commercial Components),ESDULC5V0LBHE3,Active,A R H,1,Bidirectional,DFN1006-2L,5,4,25,0.6,100,0.1,6,9.5,150,±16
MCC (Micro Commercial Components),ESDSB3V3LBHE3,Active,A R H,1,Bidirectional,DFN1006-2L,3.3,9,10,25,90,1,3.5,6,150,±30
MCC (Micro Commercial Components),ESDULC8V0LBHE3,Active,A R H,1,Bidirectional,DFN1006-2L,8,3.5,26,0.5,90,0.2,9.5,11.5,125,±25/±20
MCC (Micro Commercial Components),ESDSB5V0LBHE3,Active,A R H,1,Bidirectional,DFN1006-2L,5,7,10,20,70,1,5.7,8,150,±30
MCC (Micro Commercial Components),ESDSBHC4V5P6B,Active,R H,1,Bidirectional,DFN1610-2,4.5,195,18,400,3510,0.5,4.8,,125,±30
MCC (Micro Commercial Components),ESDULC8V0P6B,Active,R H,1,Bidirectional,DFN1610-2,8,12,20,0.6,240,0.2,8.5,,125,±30
MCC (Micro Commercial Components),ESDSBHC6V3P6B,Active,R H,1,Bidirectional,DFN1610-2,6.3,155,17,370,2635,0.5,6.5,,125,±30
MCC (Micro Commercial Components),CSPHSBULC5V0AE,Active,R H,1,Bidirectional,CSP0201,5,3,3,0.26,9,0.2,5.5,10,125,±15/±12
MCC (Micro Commercial Components),CSPHSB3V3AE,Active,R H,1,Bidirectional,CSP0201,3.3,20,8.5,30,170,0.5,3.7,5.5,125,±30
MCC (Micro Commercial Components),CSPSBULC1V5AE,Active,R H,1,Bidirectional,CSP0201,1.5,4,3.25,0.2,13,0.1,4.5,8,125,±15/±12
MCC (Micro Commercial Components),CSPSBULC3V3AE,Active,R H,1,Bidirectional,CSP0201,3.3,4,3.25,0.2,13,0.1,4.5,8,125,±15/±12
MCC (Micro Commercial Components),CSP5V0AE,Active,R,1,Bidirectional,CSP0201,5,18,9.5,30,140,0.5,6,,125,±30
MCC (Micro Commercial Components),CSPLC5V0AE,Active,R,1,Bidirectional,CSP0201,5,9,10,20,90,0.5,5.8,,125,±30
MCC (Micro Commercial Components),CSPSLC5V0AE,Active,R,1,Bidirectional,CSP0201,5,3,20,0.25,60,0.5,6,9,125,±18/±12
MCC (Micro Commercial Components),CSPSBSLC24VAE,Active,R,1,Bidirectional,CSP0201,24,5,8,0.7,40,0.2,26,,125,±15
MCC (Micro Commercial Components),CSPULC5V0AE,Active,R,1,Bidirectional,CSP0201,5,3.5,21,0.45,70,0.5,6,9,125,±20/±15
MCC (Micro Commercial Components),CSPSBULC18VAE,Active,R,1,Bidirectional,CSP0201,18,5,8,0.5,35,0.1,19,,125,±15
MCC (Micro Commercial Components),CSPSBULC5V0AE,Active,R,1,Bidirectional,CSP0201,5,5,8,0.5,35,0.2,8,14,125,±20/±15
MCC (Micro Commercial Components),CSPULC3V3AE,Active,R,1,Bidirectional,CSP0201,3.3,4.5,21,0.35,80,0.5,6,8.5,125,±20/±15
MCC (Micro Commercial Components),CSPL12VAE,Active,R,1,Bidirectional,CSP0201,12,7,21,12,130,0.2,13,,125,±30
MCC (Micro Commercial Components),CSPSBULC18VLB,Active,R H,1,Bidirectional,CSP1006-2,18,5,8,0.8,35,0.1,19,25,125,±15
MCC (Micro Commercial Components),CSPLULC5V0LB,Active,R,1,Bidirectional,CSP1006-2,5,3.5,20,0.5,70,0.2,6,9,125,±20/±15
MCC (Micro Commercial Components),CSPSBSLC24VLB,Active,R,1,Bidirectional,CSP1006-2,24,5,8,0.7,40,0.2,26,,125,±15
MCC (Micro Commercial Components),CSPLC5V0LB,Active,R,1,Bidirectional,CSP1006-2,5,18,9.5,30,140,0.5,6,,125,±30
MCC (Micro Commercial Components),CSPH5V0LB,Active,R,1,Bidirectional,CSP1006-2,5,100,10.5,300,900,0.5,5.5,7.5,125,±30
MCC (Micro Commercial Components),CSPSBULC5V0LB,Active,R,1,Bidirectional,CSP1006-2,5,5,8,0.5,35,0.2,8,14,125,±20/±15
MCC (Micro Commercial Components),CSPSLC5V0LB,Active,R,1,Bidirectional,CSP1006-2,5,3,20,0.22,60,0.5,6,9,125,±20/±15
MCC (Micro Commercial Components),CSPULC5V0LB,Active,R,1,Bidirectional,CSP1006-2,5,4,22,0.45,80,0.5,6,8.5,125,±20/±15
MCC (Micro Commercial Components),CSP12VLB,Active,R,1,Bidirectional,CSP1006-2,12,8,21,12,150,0.2,13,,125,±30
MCC (Micro Commercial Components),CSPSBULC3V3LB,Active,R H,1,Bidirectional,CSP1006-2,3.3,4,3.25,0.25,13,0.1,4.5,8,125,±15/±12
MCC (Micro Commercial Components),CSPSBULC1V5LB,Active,R H,1,Bidirectional,CSP1006-2,1.5,4,3.25,0.25,13,0.1,4.5,8,125,±15/±12
MCC (Micro Commercial Components),CSPSB3V6LB,Active,R H,1,Bidirectional,CSP1006-2,3.6,90,8.2,200,720,1,3.8,6,125,±30
MCC (Micro Commercial Components),CSPSBSLC5V0LB,Active,R H,1,Bidirectional,CSP1006-2,5,20,8,0.9,150,0.2,6,9,125,±30
MCC (Micro Commercial Components),CSPHSBULC5V0LB,Active,R H,1,Bidirectional,CSP1006-2,5,9,8,0.4,65,0.2,6,9,125,±20
MCC (Micro Commercial Components),CSP8V0LB,Active,R,1,Bidirectional,CSP1006-2,8,9,20,12,150,0.5,9,,125,±30
MCC (Micro Commercial Components),CSPSBHC4V8LB,Active,R,1,Bidirectional,CSP1006-2,4.8,100,16,200,1600,0.5,5,7,125,±30
MCC (Micro Commercial Components),CSPSBHC6V3LB,Active,R,1,Bidirectional,CSP1006-2,6.3,90,16.5,200,1485,0.5,6.5,9.5,125,±30
MCC (Micro Commercial Components),CSP36VLB,Active,R,1,Bidirectional,CSP1006-2,36,7,61,40,400,0.5,38,,125,±30
MCC (Micro Commercial Components),CSPSBHC4V5LB,Active,R,1,Bidirectional,CSP1006-2,4.5,100,10.5,300,900,0.5,4.8,6.3,125,±30
MCC (Micro Commercial Components),ESDULC3V3LBWFHE3,Active,A R H,1,Bidirectional,DFN1006-2L(SWF),3.3,4,20,0.35,60,0.2,6,9.5,150,±20
MCC (Micro Commercial Components),ESDULC5V0LBWFHE3,Active,A R H,1,Bidirectional,DFN1006-2L(SWF),5,3,20,0.25,50,0.2,6,8.5,150,±15/±8
MCC (Micro Commercial Components),ESDULC18VLBWFHE3,Active,A R H,1,Bidirectional,DFN1006-2L(SWF),18,2,40,0.3,80,0.2,18.5,25,150,±15/±8
MCC (Micro Commercial Components),ESDULC24VLBWFHE3,Active,A R H,1,Bidirectional,DFN1006-2L(SWF),24,1.5,55,0.3,82.5,0.2,26.5,32,150,±20
MCC (Micro Commercial Components),ESDSLC3V3LWFHE3,Active,A R H,1,Unidirectional,DFN1006-2L(SWF),3.3,4,20,0.6,60,0.2,6,8.5,150,±20
MCC (Micro Commercial Components),ESDSLC5V0LWFHE3,Active,A R H,1,Unidirectional,DFN1006-2L(SWF),5,4,20,0.6,60,0.2,6,8.5,150,±20
MCC (Micro Commercial Components),ESDULC5V0LWFHE3,Active,A R H,1,Unidirectional,DFN1006-2L(SWF),5,3,20,0.35,50,0.2,6,8.5,150,±15/±8
MCC (Micro Commercial Components),ESDHC22VPF,Active,R H,1,Unidirectional,DFN2018-6L,22,100,35,850,3400,1,24,26,125,±30
MCC (Micro Commercial Components),CSPHC4V8L,Active,R,1,Unidirectional,CSP1006-2,4.8,90,15,200,1350,0.5,5,,125,±30
MCC (Micro Commercial Components),CSP3V3L,Active,R,1,Unidirectional,CSP1006-2,3.3,65,10.5,150,600,0.5,3.6,5.5,125,±30
MCC (Micro Commercial Components),CSPSB3V3AE,Active,R H,1,Unidirectional,CSP0201,3.3,21,8,80,160,0.2,3.6,5,125,±30
MCC (Micro Commercial Components),CSPSB5V0AE,Active,R H,1,Unidirectional,CSP0201,5,16,10.5,80,160,0.5,5.8,8,125,±30
MCC (Micro Commercial Components),ESD3671P6,Active,R H,1,Unidirectional,DFN1610-2,36,25,75,150,1875,0.5,37,,125,±30
MCC (Micro Commercial Components),ESD12VLHE3,Active,A R H,1,Unidirectional,DFN1006-2L,12,5,30,24,150,0.5,13.5,16.5,150,±30
MCC (Micro Commercial Components),ESD15VLHE3,Active,A R H,1,Unidirectional,DFN1006-2L,15,4,35,20,140,0.5,15.5,19.5,150,±30
MCC (Micro Commercial Components),ESD24VLHE3,Active,A R H,1,Unidirectional,DFN1006-2L,24,3.5,45,17,150,0.5,25.5,29.5,150,±30
MCC (Micro Commercial Components),ESD27VLHE3,Active,A R H,1,Unidirectional,DFN1006-2L,27,2.5,75,13,180,0.5,31,38,150,±8
MCC (Micro Commercial Components),ESD36VLHE3,Active,A R H,1,Unidirectional,DFN1006-2L,36,2.5,80,12,200,0.5,38,48,150,±30
MCC (Micro Commercial Components),ESD7V0LHE3,Active,A R H,1,Unidirectional,DFN1006-2L,7,6,15,46,90,0.5,7.5,10.5,150,±30
MCC (Micro Commercial Components),ESD2V1L,Active,R H,1,Unidirectional,DFN1006-2L,2.1,14,9,21,120,1,2.5,6,125,±30
MCC (Micro Commercial Components),ESDSLC3V3AE2,Active,R H,1,Unidirectional,0201-A,3.3,5,16,0.6,80,0.2,4.2,,125,±25/±20
MCC (Micro Commercial Components),ESDUSBULC3V3AE2,Active,R H,1,Unidirectional,0201-A,3.3,5,10,0.3,50,0.1,5,8.5,125,±30
MCC (Micro Commercial Components),ESD5V0AE2,Active,R H,1,Unidirectional,0201-A,5,8,12,60,100,0.2,6,8.5,125,±30
MCC (Micro Commercial Components),ESD24VAE2,Active,R H,1,Unidirectional,0201-A,24,2,45,10,90,0.2,27,,125,±15/±8
MCC (Micro Commercial Components),ESDHSLC5V0AE2,Active,R H,1,Unidirectional,0201-A,5,5,12,0.5,60,0.5,6,,125,±25/±20
MCC (Micro Commercial Components),ESD12VAE2,Active,R H,1,Unidirectional,0201-A,12,8,20,40,160,0.1,12.9,16,125,±30
MCC (Micro Commercial Components),ESDSBLC3V3L,Active,R H,1,Unidirectional,DFN1006-2,3.3,18,5,2.5,90,0.05,8.5,,125,±30
MCC (Micro Commercial Components),ESD6V3LA,Active,R H,1,Unidirectional,DFN1006-2,6.3,30,15,220,450,1,6.6,9,125,±30
MCC (Micro Commercial Components),ESD8V0LA,Active,R H,1,Unidirectional,DFN1006-2,8,26,17,195,442,1,8,10,125,±30
MCC (Micro Commercial Components),ESDSLC3V3L,Active,R H,1,Unidirectional,DFN1006-2,3.3,10,13,0.75,130,1,5,7.5,125,±30
MCC (Micro Commercial Components),ESD2V5L,Active,R H,1,Unidirectional,DFN1006-2,2.5,13,6.4,40,90,0.1,3,,125,±30
MCC (Micro Commercial Components),ESDH12VL,Active,R H,1,Unidirectional,DFN1006-2,12,25,26,90,650,0.1,13,17,125,±30
MCC (Micro Commercial Components),ESD6V3L,Active,R H,1,Unidirectional,DFN1006-2,6.3,32,12,150,350,0.3,6.8,,125,±30
MCC (Micro Commercial Components),ESDUSBULC3V3L,Active,R H,1,Unidirectional,DFN1006-2,3.3,5,10,0.3,50,0.1,5,8.5,125,±30
MCC (Micro Commercial Components),ESDHC7V0L,Active,R H,1,Unidirectional,DFN1006-2,7,32,15,180,480,0.1,7.8,10,125,±30
MCC (Micro Commercial Components),ESDSBSLC5V0L,Active,R H,1,Unidirectional,DFN1006-2,5.5,3.6,14,0.65,42,0.1,7,9,125,±20
MCC (Micro Commercial Components),ESDSBLC3V3D3,Active,R H,1,Unidirectional,SOD-323,3.3,18,7.5,3,135,0.05,8.5,,125,±30
MCC (Micro Commercial Components),ESDH5V0D3,Active,R H,1,Unidirectional,SOD-323,5,30,20,220,600,1,5.5,7.5,125,±30KV
MCC (Micro Commercial Components),ESD12VD5Q,Active,A R H,1,Unidirectional,SOD-523,12,10,28,57,280,0.5,13.3,16.5,150,±30
MCC (Micro Commercial Components),ESD15VD5Q,Active,A R H,1,Unidirectional,SOD-523,15,9,33,47,297,0.05,16.5,19,150,±30
MCC (Micro Commercial Components),ESD24VD5Q,Active,A R H,1,Unidirectional,SOD-523,24,7,44,35,308,0.05,26.5,30,150,±30
MCC (Micro Commercial Components),ESD27VD5Q,Active,A R H,1,Unidirectional,SOD-523,27,6,50,32,300,0.05,28,38,150,±30
MCC (Micro Commercial Components),ESD36VD5Q,Active,A R H,1,Unidirectional,SOD-523,36,5,75,24,375,0.05,40,44,150,±30
MCC (Micro Commercial Components),ESD3V3D5Q,Active,A R H,1,Unidirectional,SOD-523,3.3,25,12,190,300,0.5,5,6.2,150,±30
MCC (Micro Commercial Components),ESD5V0D5Q,Active,A R H,1,Unidirectional,SOD-523,5,20,15,147,300,0.5,6.2,7.5,150,±30
MCC (Micro Commercial Components),ESD7V0D5Q,Active,A R H,1,Unidirectional,SOD-523,7,15,14,120,210,0.5,7.5,9,150,±30
MCC (Micro Commercial Components),ESDSBLC5V0P7,Active,R H,5,Unidirectional,DFN1510-6,5,6,8,0.6,48,0.1,7,1,125,±15
MCC (Micro Commercial Components),SRV05-4L,Active,R,4,Unidirectional,SOT23-6L,5.5,12,17.5,1.5,350,1,6,,150,±15/±8
MCC (Micro Commercial Components),SRV05-4C,Active,R,4,Unidirectional,SOT23-6L,5,17,18,0.4,300,0.5,6,8.5,125,±20/±15
MCC (Micro Commercial Components),ESDULC5V0M5,Active,R H,4,Unidirectional,SOT-563,5,3,15,0.8,45,0.5,6,,125,±12
MCC (Micro Commercial Components),SLVU2.8-4,Active,R H,4,Unidirectional,SOP-8,2.8,30,20,3,600,1,3,,125,±30
MCC (Micro Commercial Components),ESDLC5V0D9L,Active,R H,1,Unidirectional,SOD-923,5,5,15,0.9,75,0.5,5.4,6.5,125,±25/±20
MCC (Micro Commercial Components),ESDLC3V3D3,Active,R H,1,Unidirectional,SOD-323,3.3,28,36,4.5,350,20,4,,150,±30
MCC (Micro Commercial Components),ESDLC5V0D3,Active,R H,1,Unidirectional,SOD-323,5,21,32,5,600,1,6,,150,±30
MCC (Micro Commercial Components),ESDLC3V3D3B,Active,R H,1,Bidirectional,SOD-323,3.3,28,36,4.5,350,1,4,,150,
MCC (Micro Commercial Components),ESDLC5V0D3B,Active,R H,1,Bidirectional,SOD-323,5,21,32,5,350,1,6,,150,
MCC (Micro Commercial Components),ESDLC12VD3B,Active,R H,1,Bidirectional,SOD-323,12,11,28.6,3,350,1,13.3,,150,
MCC (Micro Commercial Components),ESDSLC3V3D3B,Active,R H,1,Bidirectional,SOD-323,3.3,20,8,1.5,350,0.1,4,,150,±30
MCC (Micro Commercial Components),ESDSLC5V0D3B,Active,R H,1,Bidirectional,SOD-323,5,18,20,1.5,350,0.5,6,,125,±30
MCC (Micro Commercial Components),ESDSLC15VD3B,Active,R H,1,Bidirectional,SOD-323,15,10,30,1.5,300,0.2,16.7,,125,±30
MCC (Micro Commercial Components),ESDSLC24VD3B,Active,R H,1,Bidirectional,SOD-323,24,6,55,1.5,360,0.2,27,,125,±30
MCC (Micro Commercial Components),ESDSLC8V0D3B,Active,R H,1,Bidirectional,SOD-323,8,18,19.5,1.5,350,0.2,8.5,10,150,±30
MCC (Micro Commercial Components),ESD1524D3B,Active,R H,1,Asymmetric,SOD-323,15,5,35,13,160,0.05,17.1,,85,±30
MCC (Micro Commercial Components),ESDULC12VD3B,Active,R H,1,Bidirectional,SOD-323,12,12,29,1.5,500,0.2,13.3,17.8,125,±30
MCC (Micro Commercial Components),ESDLC24VD3B,Active,R H,1,Bidirectional,SOD-323,24,6,45,3,350,1,26.7,,150,±30
MCC (Micro Commercial Components),GBLC03CD3B,Active,R H,1,Bidirectional,SOD-323,3.3,21,20,0.5,350,0.5,4.2,,125,±25/±20
MCC (Micro Commercial Components),GBLC05CD3B,Active,R H,1,Bidirectional,SOD-323,5,18,22,0.5,350,0.5,6.1,,125,±25/±20
MCC (Micro Commercial Components),GBLC08CD3B,Active,R H,1,Bidirectional,SOD-323,8,21,26,0.5,350,0.5,9.4,,125,±25/±20
MCC (Micro Commercial Components),GBLC24CD3B,Active,R H,1,Bidirectional,SOD-323,24,6,58,0.5,350,0.5,26.1,,125,±25/±20
MCC (Micro Commercial Components),ESDSLC18VD3B,Active,R H,1,Bidirectional,SOD-323,18,8,45,3,350,0.2,19.8,25,125,±30
MCC (Micro Commercial Components),ESDSLC36VD3B,Active,R H,1,Bidirectional,SOD-323,36,4.5,75,0.8,340,0.2,38,,125,±25
MCC (Micro Commercial Components),ESDSLC12VD3B,Active,R,1,Bidirectional,SOD-323,12,19,28,1,500,0.2,13.3,,125,±30
MCC (Micro Commercial Components),CSPHSLC3V3LB,Active,R H,1,Bidirectional,CSP1006-2,3.3,20,20,0.6,350,0.2,4,6,125,±30
MCC (Micro Commercial Components),CSPSLC3V3LB,Active,R,1,Bidirectional,CSP1006-2,3.3,11,15,0.6,150,0.2,4,6,125,±30
MCC (Micro Commercial Components),ESDSLC3V3P6B,Active,R H,1,Bidirectional,DFN1610-2,3.3,25,16,1.5,400,0.2,3.8,,125,±30
MCC (Micro Commercial Components),ESDSLC5V0T1,Active,R H,2,Unidirectional,SOT-143,5,4,16,0.3,50,1,6,9,150,±25/±20
MCC (Micro Commercial Components),ESD5V0J4,Active,R H,4,Unidirectional,SOT-353,5,5,12.5,90,200,2,6,7.2,150,±30
MCC (Micro Commercial Components),ESDLC0524DFN10,Active,R H,4,Unidirectional,DFN-10,5,5,18,0.65,90,0.9,6.1,8.5,150,±25
MCC (Micro Commercial Components),ESDLC3324DFN10,Active,R H,4,Unidirectional,DFN-10,3.3,5,13,0.5,65,1,5,8,125,±15/±10
MCC (Micro Commercial Components),ESDSLC0524DFN10HE3,Active,A R H,4,Unidirectional,DFN-10,5,5,13,0.6,65,0.1,6,9,125,±25/±20
MCC (Micro Commercial Components),ESDSLC0534DFN10,Active,R H,4,Unidirectional,DFN2510-10,5,3,15,0.4,45,0.2,6,8.5,125,±25/±20
MCC (Micro Commercial Components),ESDSLC5V0T2HE3,Active,A R H,2,Unidirectional,SOT-23,5,4,25,0.9,100,0.1,5.8,9.5,150,±16
MCC (Micro Commercial Components),MMBZ39VAQ,Active,A R H,2,Unidirectional,SOT-23,31.2,0.76,55,42,40,0.05,37.05,40.95,150,±30
MCC (Micro Commercial Components),ESD12VT2Q,Active,A R H,2,Unidirectional,SOT-23,12,10,28,57,280,0.5,13.3,16.5,150,±30
MCC (Micro Commercial Components),ESD15VT2Q,Active,A R H,2,Unidirectional,SOT-23,15,9,33,47,297,0.05,16.5,19,150,±30
MCC (Micro Commercial Components),ESD24VT2Q,Active,A R H,2,Unidirectional,SOT-23,24,7,44,35,308,0.05,26.5,30,150,±30
MCC (Micro Commercial Components),ESD27VT2Q,Active,A R H,2,Unidirectional,SOT-23,27,6,50,32,300,0.05,28,38,150,±30
MCC (Micro Commercial Components),ESD3V3T2Q,Active,A R H,2,Unidirectional,SOT-23,3.3,25,12,190,300,0.5,5,6.2,150,±30
MCC (Micro Commercial Components),ESD7V0T2Q,Active,A R H,2,Unidirectional,SOT-23,7,15,14,120,210,0.5,7.5,9.5,150,±30
MCC (Micro Commercial Components),MMBZ27VAQ,Active,A R H,2,Unidirectional,SOT-23,22,1,40,60,40,0.05,28.35,28.35,150,±30
MCC (Micro Commercial Components),ESD5V0T2Q,Active,A R H,2,Unidirectional,SOT-23,5,20,15,147,300,0.5,6.2,7.5,150,±30
MCC (Micro Commercial Components),ESDSLC5V0T5,Active,R H,2,Unidirectional,SOT-523,5,5,25,0.8,125,0.5,6,,125,±20KV
MCC (Micro Commercial Components),ESD7V0ET2Q,Active,A R H,2,Unidirectional,SOT-23,7,15,14,120,210,0.5,7.5,9.5,150,±30
MCC (Micro Commercial Components),MMBZ27VCQ,Active,A R H,2,Unidirectional,SOT-23,22,1,40,60,40,0.05,25.65,28.35,150,±30
MCC (Micro Commercial Components),ESD5V0ET2Q,Active,A R H,2,Unidirectional,SOT-23,5,20,15,147,300,0.5,6.2,7.5,150,±30
MCC (Micro Commercial Components),ESD3V3ET2Q,Active,A R H,2,Unidirectional,SOT-23,3.3,25,12,190,300,0.5,5,6.2,150,±30
MCC (Micro Commercial Components),ESD27VET2Q,Active,A R H,2,Unidirectional,SOT-23,27,6,50,32,300,0.05,28,38,150,±30
MCC (Micro Commercial Components),ESD24VET2Q,Active,A R H,2,Unidirectional,SOT-23,24,7,44,35,308,0.05,26.5,30,150,±30
MCC (Micro Commercial Components),ESD15VET2Q,Active,A R H,2,Unidirectional,SOT-23,15,9,33,47,297,0.05,16.5,19,150,±30
MCC (Micro Commercial Components),MMBZ39VCQ,Active,A R H,2,Unidirectional,SOT-23,31.2,0.76,55,42,40,0.05,37.05,40.95,150,±30
MCC (Micro Commercial Components),MMBZ12VC,Active,R H,2,Unidirectional,SOT-23,8.5,2.35,17,114,40,0.05,11.3,13,150,±30
MCC (Micro Commercial Components),MMBZ15VC,Active,R H,2,Unidirectional,SOT-23,12,1.9,21,95,40,0.05,14.25,15.75,150,±30
MCC (Micro Commercial Components),MMBZ16VC,Active,R H,2,Unidirectional,SOT-23,13,1.7,23,90,40,0.05,15.2,16.8,150,±30
MCC (Micro Commercial Components),MMBZ18VC,Active,R H,2,Unidirectional,SOT-23,14.5,1.6,25,80,40,0.05,17,18.9,150,±30
MCC (Micro Commercial Components),MMBZ20VC,Active,R H,2,Unidirectional,SOT-23,17,1.4,28,77,40,0.05,19,21,150,±30
MCC (Micro Commercial Components),MMBZ27VC,Active,R H,2,Unidirectional,SOT-23,22,1,40,70,40,0.05,25.65,28.35,150,±30
MCC (Micro Commercial Components),MMBZ33VC,Active,R H,2,Unidirectional,SOT-23,26,0.87,46,50,40,0.05,31.35,34.55,150,±30
MCC (Micro Commercial Components),MMBZ39VC,Active,R H,2,Unidirectional,SOT-23,31.2,0.76,53,42,38,0.05,36,42,150,±30
MCC (Micro Commercial Components),MMBZ47VC,Active,R H,2,Unidirectional,SOT-23,38,0.74,54,36,40,0.05,44.65,49.35,150,±30
MCC (Micro Commercial Components),MMBZ5V6C,Active,R H,2,Unidirectional,SOT-23,3,3,8,315,24,5,5.32,5.88,150,±30
MCC (Micro Commercial Components),MMBZ6V2C,Active,R H,2,Unidirectional,SOT-23,3,2.76,8.7,275,24,0.5,5.89,6.51,150,±30
MCC (Micro Commercial Components),MMBZ6V8C,Active,R H,2,Unidirectional,SOT-23,4.5,2.5,9.6,250,24,0.5,6.46,7.14,150,±30
MCC (Micro Commercial Components),MMBZ9V1C,Active,R H,2,Unidirectional,SOT-23,6,1.7,14,185,24,0.3,8.65,9.56,150,±30
MCC (Micro Commercial Components),ESD12VET2Q,Active,A R H,2,Unidirectional,SOT-23,12,10,28,57,280,0.5,13.3,16.5,150,±30
MCC (Micro Commercial Components),MMBZ33VCQ,Active,A R H,2,Unidirectional,SOT-23,26,0.87,47,48,40,0.05,31.35,35.65,150,±30
MCC (Micro Commercial Components),MMBZ18VCQ,Active,A R H,2,Unidirectional,SOT-23,14.5,1.6,25,79,40,0.05,17.1,18.9,150,±30
MCC (Micro Commercial Components),MMBZ16VCQ,Active,A R H,2,Unidirectional,SOT-23,13,1.7,23,89,40,0.05,15.2,16.8,150,±30
MCC (Micro Commercial Components),MMBZ15VCQ,Active,A R H,2,Unidirectional,SOT-23,12,1.9,21,95,40,0.05,14.25,15.75,150,±30
MCC (Micro Commercial Components),ESD12VET2,Active,R H,2,Unidirectional,SOT-23,12,10,28,55,280,1,13,17,150,±30
MCC (Micro Commercial Components),ESD15VET2,Active,R H,2,Unidirectional,SOT-23,15,9,38,45,342,1,15.5,19,150,±30
MCC (Micro Commercial Components),ESD24VET2,Active,R H,2,Unidirectional,SOT-23,24,7,44,36,308,1,26,30,150,±30
MCC (Micro Commercial Components),ESD36VET2,Active,R H,2,Unidirectional,SOT-23,36,5,75,24,375,1,39,45,150,±30
MCC (Micro Commercial Components),ESD5V0ET2,Active,R H,2,Unidirectional,SOT-23,5,20,15,140,300,1,6,7.5,150,±30
MCC (Micro Commercial Components),MMBZ27VCHE3,Active,A R H,2,Unidirectional,SOT-23,22,1,40,,40,0.05,25.65,28.35,150,±30
MCC (Micro Commercial Components),MMBZ20VCHE3,Active,A R H,2,Unidirectional,SOT-23,17,1.4,28,,40,0.05,19,21,150,±30
MCC (Micro Commercial Components),ESD12VET2HE3,Active,A R H,2,Unidirectional,SOT-23,12,10,28,70,280,1,13.1,16.5,150,±30
MCC (Micro Commercial Components),ESD15VET2HE3,Active,A R H,2,Unidirectional,SOT-23,15,8,35,55,280,1,16.1,19,150,±30
MCC (Micro Commercial Components),ESD24VET2HE3,Active,A R H,2,Unidirectional,SOT-23,24,7,44,50,300,1,26.7,,150,±30
MCC (Micro Commercial Components),ESD36VET2HE3,Active,A R H,2,Unidirectional,SOT-23,36,5,75,35,350,1,40,44.5,150,±30
MCC (Micro Commercial Components),ESD5V0ET2HE3,Active,A R H,2,Unidirectional,SOT-23,5,20,15,160,300,1,6.2,7.5,150,±30
MCC (Micro Commercial Components),ESDU5V0T5,Active,R H,2,Unidirectional,SOT-523,5,4,11,0.5,56,1,5.4,9.4,150,±20/±15
MCC (Micro Commercial Components),ESD3V3D3B,Active,R H,1,Bidirectional,SOD-323,3.3,30,17,200,500,0.5,4.2,6,125,±30
MCC (Micro Commercial Components),ESDN4V5D3B,Active,R H,1,Bidirectional,SOD-323,4.5,135,15,300,2000,1,4.7,,125,±30
MCC (Micro Commercial Components),ESD3V3D3BA,Active,R H,1,Bidirectional,SOD-323,3.3,29,11,70,320,0.5,3.7,6,125,±30
MCC (Micro Commercial Components),ESDH5V0D3BA,Active,R H,1,Bidirectional,SOD-323,5,30,12,80,360,1,5.5,8,125,±25
MCC (Micro Commercial Components),ESDLC5V0C2,Active,R H,1,Unidirectional,SOT-23,5,25,26,2,650,1,6,8,150,±25
MCC (Micro Commercial Components),ESD3V3D9B,Active,R H,1,Bidirectional,SOD-923,3.3,1,8,8,80,1,4,,150,±30
MCC (Micro Commercial Components),ESDLC5V0D9B,Active,R H,1,Bidirectional,SOD-923,5,1.5,12,2.1,,1,5.6,7.8,150,±15/±8
MCC (Micro Commercial Components),ESD3V3D9,Active,R H,1,Unidirectional,SOD-923,3.3,5,8.8,50,100,1,5,,150,±15/±8
MCC (Micro Commercial Components),ESD12VD9,Active,R H,1,Unidirectional,SOD-923,12,1,18.4,15,100,1,13.5,,150,±30
MCC (Micro Commercial Components),ESDLC5V0D9,Active,R H,1,Unidirectional,SOD-923,5,1,9.8,0.5,100,1,5.4,8.5,150,±15/±8
MCC (Micro Commercial Components),ESD3V3D5,Active,R H,1,Unidirectional,SOD-523,3.3,16,13,105,220,0.08,5,,150,±30
MCC (Micro Commercial Components),ESD5V0D5,Active,R H,1,Unidirectional,SOD-523,5,9.4,18.6,80,174,0.05,6.2,,150,±30
MCC (Micro Commercial Components),ESD7V0D5,Active,R H,1,Unidirectional,SOD-523,7,8.8,22.7,65,200,0.03,7.5,,150,±30
MCC (Micro Commercial Components),ESD12VD5,Active,R H,1,Unidirectional,SOD-523,12,9.6,25,55,240,0.02,14.1,,150,±30
MCC (Micro Commercial Components),ESD12VD5HE3,Active,A R H,1,Unidirectional,SOD-523,12,10,28,70,280,1,13.3,16.5,150,±30
MCC (Micro Commercial Components),ESD15VD5HE3,Active,A R H,1,Unidirectional,SOD-523,15,8,35,55,250,1,16.5,19,150,±30
MCC (Micro Commercial Components),ESD24VD5HE3,Active,A R H,1,Unidirectional,SOD-523,24,7,44,50,300,1,26.7,,150,±30
MCC (Micro Commercial Components),ESD36VD5HE3,Active,A R H,1,Unidirectional,SOD-523,36,5,75,24,350,1,40,44,150,±30
MCC (Micro Commercial Components),ESD5V0D5HE3,Active,A R H,1,Unidirectional,SOD-523,5,20,15,160,300,1,6.2,7.5,150,±30
MCC (Micro Commercial Components),ESD24VD5,Active,R H,1,Unidirectional,SOD-523,24,7.5,44,36,330,1,26.7,33,150,±25
MCC (Micro Commercial Components),ESD15VD5,Active,R H,1,Unidirectional,SOD-523,15,11,32,80,350,0.2,18,23,125,±30
MCC (Micro Commercial Components),ESDH5V0D5,Active,R H,1,Unidirectional,SOD-523,5,22,14,160,300,0.5,6,,125,±30
MCC (Micro Commercial Components),SD05,Active,R H,1,Unidirectional,SOD-323,5,40,12.5,350,500,1,6,,125,±30
MCC (Micro Commercial Components),ESD3V3D3A,Active,R H,1,Unidirectional,SOD-323,3.3,18,12,200,200,0.5,4.5,,125,±30
MCC (Micro Commercial Components),ESD12VD3A,Active,R H,1,Unidirectional,SOD-323,12,10,28,55,200,0.5,13.3,,125,±30
MCC (Micro Commercial Components),ESD15VD3A,Active,R H,1,Unidirectional,SOD-323,15,8,35,45,200,0.5,16.5,,125,±30
MCC (Micro Commercial Components),ESD18VD3A,Active,R H,1,Unidirectional,SOD-323,18,8,38,39,200,0.5,19,,125,±30
MCC (Micro Commercial Components),ESD36VD3A,Active,R H,1,Unidirectional,SOD-323,36,5,75,24,200,0.5,40,,125,±30
MCC (Micro Commercial Components),ESD5V0D3A,Active,R H,1,Unidirectional,SOD-323,5,15,14,140,200,0.5,6.2,,125,±30
MCC (Micro Commercial Components),ESDH5V0D3HE3,Active,A R H,1,Unidirectional,SOD-323,5,30,20,220,600,1,6.2,7.5,150,±30
MCC (Micro Commercial Components),ESDH3V3D3,Active,R H,1,Unidirectional,SOD-323,3.3,35,11.5,110,400,0.5,3.8,7,125,±30
MCC (Micro Commercial Components),ESD36VD5,Active,R H,1,Unidirectional,SOD-523,36,5,75,24,350,0.5,38,46,125,±30
MCC (Micro Commercial Components),ESD12VD3HE3,Active,A R H,1,Unidirectional,SOD-323,12,10,28,70,280,1,13.3,16.5,150,±30
MCC (Micro Commercial Components),ESD15VD3HE3,Active,A R H,1,Unidirectional,SOD-323,15,8,35,55,250,1,16.5,19,150,±30
MCC (Micro Commercial Components),ESD24VD3HE3,Active,A R H,1,Unidirectional,SOD-323,24,7,44,50,300,1,26.7,,150,±30
MCC (Micro Commercial Components),ESD36VD3HE3,Active,A R H,1,Unidirectional,SOD-323,36,5,75,35,350,1,40,44,150,±30
MCC (Micro Commercial Components),ESD5V0D3HE3,Active,A R H,1,Unidirectional,SOD-323,5,20,15,160,300,1,6.2,7.5,150,±30
MCC (Micro Commercial Components),ESD24VD3A,Active,R H,1,Unidirectional,SOD-323,24,7,50,50,200,0.5,25,,125,±30
MCC (Micro Commercial Components),ESD5V0D3,Active,R H,1,Unidirectional,SOD-323,5,15,15.5,350,350,1,6.2,7.3,150,±15/±8
MCC (Micro Commercial Components),ESD12VD3,Active,R H,1,Unidirectional,SOD-323,12,12,33,150,350,1,13.3,15.75,150,±30
MCC (Micro Commercial Components),ESD5V0D3B,Active,R H,1,Bidirectional,SOD-323,5,8,15,27,120,1,5.8,8.8,150,±25
MCC (Micro Commercial Components),ESD12VD3B,Active,R H,1,Bidirectional,SOD-323,12,1,15.5,100,350,1,13.5,,150,±30
MCC (Micro Commercial Components),SD24C,Active,R H,1,Bidirectional,SOD-323,24,8,62,50,450,1,26.7,,125,
MCC (Micro Commercial Components),ESDN5V0D3B,Active,R H,1,Bidirectional,SOD-323,5,120,13.5,300,1620,0.5,6,,125,±30
MCC (Micro Commercial Components),SD12C,Active,R H,1,Bidirectional,SOD-323,12,18,28,100,500,0.2,13.3,,125,±30
MCC (Micro Commercial Components),SD05CH,Active,R H,1,Bidirectional,SOD-323,5,34,15,200,500,0.2,6,,125,±30
MCC (Micro Commercial Components),SD08CH,Active,R H,1,Bidirectional,SOD-323,8,30,18,120,500,0.2,8.5,,125,±30
MCC (Micro Commercial Components),SD15CH,Active,R H,1,Bidirectional,SOD-323,15,16,31,80,500,0.2,16.7,,125,±30
MCC (Micro Commercial Components),SD36CH,Active,R H,1,Bidirectional,SOD-323,36,6,50,30,500,0.2,38,,125,±30
MCC (Micro Commercial Components),ESDSB5V0D3BHE3,Active,A R H,1,Bidirectional,SOD-323,5,24,17,100,400,1,6,,150,±30
MCC (Micro Commercial Components),ESD1524D3BHE3A,Active,A R H,1,Asymmetric,SOD-323,15,5,35,30,160,0.05,17.1,20.3,150,±30
MCC (Micro Commercial Components),ESD12VD3BHE3,Active,A R H,1,Bidirectional,SOD-323,12,10,28,50,280,1,13.3,,150,±30
MCC (Micro Commercial Components),ESD15VD3BHE3,Active,A R H,1,Bidirectional,SOD-323,15,5,28.5,45,250,1,16.7,,150,±30
MCC (Micro Commercial Components),ESD24VD3BHE3,Active,A R H,1,Bidirectional,SOD-323,24,7,44,40,300,1,26.7,,150,±30
MCC (Micro Commercial Components),ESD36VD3BHE3,Active,A R H,1,Bidirectional,SOD-323,36,5,75,35,350,1,40,,150,±30
MCC (Micro Commercial Components),ESD27VD3BQ,Active,A R H,1,Bidirectional,SOD-323,27,6,50,16,300,0.05,28,38,150,±30
MCC (Micro Commercial Components),ESDH24VD3BHE3,Active,A R H,1,Bidirectional,SOD-323,24,9,45,30,400,0.5,25.5,32,150,±30
MCC (Micro Commercial Components),ESDL5V0D3BHE3A,Active,A R H,1,Bidirectional,SOD-323,5,7,10,20,70,1,5.8,8,150,±30
MCC (Micro Commercial Components),ESDL3V3D3BHE3,Active,A R H,1,Bidirectional,SOD-323,3.3,9,10,25,90,1,3.5,6,150,±30
MCC (Micro Commercial Components),ESD12VD3BA,Active,R H,1,Bidirectional,SOD-323,12,10,28,30,250,1,13,,150,±30
MCC (Micro Commercial Components),ESD15VD3BA,Active,R H,1,Bidirectional,SOD-323,15,9,38,22,250,1,15.5,,150,±30
MCC (Micro Commercial Components),ESD18VD3BA,Active,R H,1,Bidirectional,SOD-323,18,8,40,20,250,1,19,,150,±30
MCC (Micro Commercial Components),ESD24VD3BA,Active,R H,1,Bidirectional,SOD-323,24,7,44,20,250,1,26,,150,±30
MCC (Micro Commercial Components),ESD36VD3BA,Active,R H,1,Bidirectional,SOD-323,36,5,75,13,250,1,39,,150,±30
MCC (Micro Commercial Components),ESDSB3V3D3B,Active,R H,1,Bidirectional,SOD-323,3.3,35,13,80,400,0.5,4,6.5,125,±30
MCC (Micro Commercial Components),ESD27VD3BHE3,Active,A R H,1,Bidirectional,SOD-323,27,4,65,15,260,0.5,28.5,,150,±30
MCC (Micro Commercial Components),ESDSB3V3D5B-T3P,Active,R H,1,Bidirectional,SOD-523,3.3,13,9,28,140,0.1,3.5,,125,±30
MCC (Micro Commercial Components),ESDULC5V0D5B,Active,R,1,Bidirectional,SOD-523,5,2,12,0.4,24,0.2,6,9,125,±20
MCC (Micro Commercial Components),ESDSBLC24VD5B,Active,R H,1,Bidirectional,SOD-523,24,5,32,5,160,0.5,25,,125,±30
MCC (Micro Commercial Components),ESDL3V3D5BHE3,Active,A R H,1,Bidirectional,SOD-523,3.3,9,10,25,90,1,3.5,6,150,±30
MCC (Micro Commercial Components),ESDSBLC20VD5B,Active,R H,1,Bidirectional,SOD-523,20,4,36,5,145,0.1,24,31.5,125,±30
MCC (Micro Commercial Components),ESDULC3V3D5B,Active,R H,1,Bidirectional,SOD-523,3.3,4,25,0.3,100,0.2,5,,125,±20
MCC (Micro Commercial Components),ESD3V3D5BA,Active,R H,1,Bidirectional,SOD-523,3.3,18,10,60,180,0.5,3.7,6,125,±30
MCC (Micro Commercial Components),ESD5V0D5BS,Active,R H,1,Bidirectional,SOD-523,5,15,14,50,200,0.01,6,8,125,±30
MCC (Micro Commercial Components),ESDSBL5V0D5BHE3,Active,A R H,1,Bidirectional,SOD-523,5,7,10,20,70,1,5.7,8,150,±30
MCC (Micro Commercial Components),ESD3V3D5B,Active,R H,1,Bidirectional,SOD-523,3.3,8,12,16,96,0.5,4.2,6.5,125,±30
MCC (Micro Commercial Components),ESDLC5V0D5B,Active,R H,1,Bidirectional,SOD-523,5,5,12,15,150,0.1,5.8,7.8,150,±25
MCC (Micro Commercial Components),ESD5V0D5B,Active,R H,1,Bidirectional,SOD-523,5,12,13,27,150,1,5.8,8.8,150,±30
MCC (Micro Commercial Components),ESD3V3LB,Active,R H,1,Bidirectional,DFN1006-2,3.3,35,12,70,420,0.5,4,6.5,125,±30
MCC (Micro Commercial Components),ESDHSBULC3V3LB,Active,R H,1,Bidirectional,DFN1006-2,3.3,26,10,1.5,260,0.5,5,,125,±30
MCC (Micro Commercial Components),ESDHSLC5V0LB,Active,R H,1,Bidirectional,DFN1006-2,5,10,18,0.6,180,0.2,6,,85,±30
MCC (Micro Commercial Components),ESDLSB5V0LB,Active,R H,1,Bidirectional,DFN1006-2,5,6,10,18,55,0.5,6,,125,±30
MCC (Micro Commercial Components),ESDULC8V0LB,Active,R H,1,Bidirectional,DFN1006-2,8,3.5,26,0.5,90,0.2,9.5,11.5,125,±25/±20
MCC (Micro Commercial Components),ESDSLC5V0LBHE3,Active,A R H,1,Bidirectional,DFN1006-2,5,4,20,0.35,80,0.5,6,9,125,±20/±15
MCC (Micro Commercial Components),ESDSBLC12VLB,Active,R H,1,Bidirectional,DFN1006-2,12,7,22,7,120,0.1,13,,125,±30
MCC (Micro Commercial Components),ESDSB3V3LB,Active,R H,1,Bidirectional,DFN1006-2,3.3,60,10,110,600,1,3.8,,125,±30
MCC (Micro Commercial Components),ESDSB5V5LB,Active,R H,1,Bidirectional,DFN1006-2,5.5,6,12,13,72,0.1,6.1,,125,±30
MCC (Micro Commercial Components),ESDSBLC3V3LB,Active,R H,1,Bidirectional,DFN1006-2,3.3,9,10,13,90,0.1,3.5,,125,±30
MCC (Micro Commercial Components),ESDSLC5V0LB,Active,R H,1,Bidirectional,DFN1006-2,5,4,20,0.35,100,0.5,6,9,125,±25/±22
MCC (Micro Commercial Components),ESDSLC16VLB,Active,R H,1,Bidirectional,DFN1006-2,16,1,30,0.9,30,0.1,18,,125,±15/±8
MCC (Micro Commercial Components),ESDLC5V0LB,Active,R H,1,Bidirectional,DFN1006-2,5.5,8,10,20,80,0.2,6,8,125,±30
MCC (Micro Commercial Components),ESD5V0LB,Active,R H,1,Bidirectional,DFN1006-2,5,25,16,100,400,0.5,6,9,125,±30/±25
MCC (Micro Commercial Components),ESDSBLC5V0LB,Active,R H,1,Bidirectional,DFN1006-2,5,3.5,12,4,41,0.1,5.3,,125,±30
MCC (Micro Commercial Components),ESDSLC24VLB,Active,R H,1,Bidirectional,DFN1006-2,24,1.5,53,0.3,80,0.5,26.5,,125,±15/±8
MCC (Micro Commercial Components),ESDSB5V0LB,Active,R H,1,Bidirectional,DFN1006-2,5,20,13,42,260,0.1,5.1,,125,±30
MCC (Micro Commercial Components),ESDSB7V0LB,Active,R H,1,Bidirectional,DFN1006-2,7,6,14,13,84,0.1,7.2,10.5,125,±30
MCC (Micro Commercial Components),ESDSBL5V0LB,Active,R H,1,Bidirectional,DFN1006-2,5,8,10,13,96,0.1,5.3,7.5,125,±30
MCC (Micro Commercial Components),ESDSLC18VLB,Active,R H,1,Bidirectional,DFN1006-2,18,2,40,0.3,80,0.2,19,,125,±25/±15
MCC (Micro Commercial Components),ESDULC3V6LB,Active,R H,1,Bidirectional,DFN1006-2,3.6,2.5,15,0.25,37.5,0.2,5,,125,±20
MCC (Micro Commercial Components),ESDHULC5V0LB,Active,R H,1,Bidirectional,DFN1006-2,5,3,12,0.3,36,0.2,5.6,11,125,±25
MCC (Micro Commercial Components),ESDL3V3LBA,Active,R H,1,Bidirectional,DFN1006-2,3.3,7,9,16,63,0.1,3.6,5.4,125,±30
MCC (Micro Commercial Components),ESDLSB5V0LBA,Active,R H,1,Bidirectional,DFN1006-2,5,8,12,17,96,0.1,5.3,7.5,125,±30
MCC (Micro Commercial Components),ESDHSBULC5V0LB,Active,R H,1,Bidirectional,DFN1006-2,5,5,7,0.3,35,0.2,6,10,125,±15
MCC (Micro Commercial Components),ESDSBLC48VLB,Active,R H,1,Bidirectional,DFN1006-2,48,60,4,2.5,240,0.5,50,68,125,±30
MCC (Micro Commercial Components),ESDSB2V5LB,Active,R H,1,Bidirectional,DFN1006-2,2.5,10,10,25,100,0.1,2.9,,85,±30
MCC (Micro Commercial Components),ESDSB12VLB,Active,R H,1,Bidirectional,DFN1006-2,12,7,14,10,98,1,12.5,,125,±30
MCC (Micro Commercial Components),ESD18VLB,Active,R H,1,Bidirectional,DFN1006-2,18,7,42,20,300,0.2,20,,125,±30
MCC (Micro Commercial Components),ESDSBLC24VLB,Active,R H,1,Bidirectional,DFN1006-2,24,5,36,5,180,0.2,27,,125,±30
MCC (Micro Commercial Components),ESDHSB7V0LB,Active,R H,1,Bidirectional,DFN1006-2,7,20,15,55,300,0.5,7.5,,125,±30
MCC (Micro Commercial Components),ESDSB15VLB,Active,R H,1,Bidirectional,DFN1006-2,15,22,26,35,570,0.2,16,,125,±30
MCC (Micro Commercial Components),ESDSBHC5V0LB,Active,R H,1,Bidirectional,DFN1006-2,5,90,16.5,200,1485,0.5,6,9,125,±30
MCC (Micro Commercial Components),ESD4V5LB,Active,R H,1,Bidirectional,DFN1006-2,4.5,45,12,100,540,0.5,4.8,6,125,±30
MCC (Micro Commercial Components),ESDLSBULC5V0LB,Active,R H,1,Bidirectional,DFN1006-2,5,5.5,10,0.35,55,0.2,5.8,9.5,125,±30
